32,32
Jim Thomas,0,Mary Brewster,4,Ken Perrine,26,Scott A. Guyer,55,Elizabeth Jurrus,57,Pak Chung Wong,103,Paul Whitney,150,William C. Wake,229,Eskinder Sahle,330,Robert Schulman,337,Ben E. Cline,359,Lucy Nowell,370,Deborah Hix,388,Edward A. Fox,447,Robert K. France,449,Richard M. Wilson,480,R. Daniel Bergeron,528,Beth Hetzler,530,Ted Tanasse,602,A. H. Crabb,627,Amjad Daoud,638,Nancy Miller,717,Lou Martucci,718,Lenwood S. Heath,724,Wendy Cowley,727,Guillermo A. Averboch,739,Eric Labow,844,Dennis J. Brueni,881,Susan Havre,925,Pak Chung Wong,945,Harlan Foote,1005,Kaushai Dalal,1010,
Jim Thomas,0,Mary Brewster,4,Ken Perrine,26,Scott A. Guyer,55,Elizabeth Jurrus,57,Pak Chung Wong,103,Paul Whitney,150,William C. Wake,229,Eskinder Sahle,330,Robert Schulman,337,Ben E. Cline,359,Lucy Nowell,370,Deborah Hix,388,Edward A. Fox,447,Robert K. France,449,Richard M. Wilson,480,R. Daniel Bergeron,528,Beth Hetzler,530,Ted Tanasse,602,A. H. Crabb,627,Amjad Daoud,638,Nancy Miller,717,Lou Martucci,718,Lenwood S. Heath,724,Wendy Cowley,727,Guillermo A. Averboch,739,Eric Labow,844,Dennis J. Brueni,881,Susan Havre,925,Pak Chung Wong,945,Harlan Foote,1005,Kaushai Dalal,1010,
0,0,0,0,1,2,2,0,0,0,0,0,0,0,0,0,0,1,0,0,0,0,1,0,1,0,0,0,0,0,1,0,
0,0,0,0,0,0,0,0,0,0,0,0,0,0,0,0,0,0,0,0,0,1,0,0,0,0,0,0,0,1,1,0,
0,0,0,0,1,0,0,0,0,0,0,0,0,0,0,0,0,1,0,0,0,1,0,0,0,0,0,0,1,0,0,0,
0,0,0,0,0,0,0,1,0,0,0,1,1,1,1,0,0,0,0,0,0,0,0,1,0,1,1,1,0,0,0,1,
1,0,1,0,0,1,0,0,0,0,0,0,0,0,0,0,0,1,0,0,0,1,0,0,1,0,0,0,1,0,1,0,
2,0,0,0,1,0,1,0,0,0,0,0,0,0,0,0,4,0,0,1,0,0,0,0,1,0,0,0,0,0,1,0,
2,0,0,0,0,1,0,0,0,0,0,1,0,0,0,0,0,2,0,0,0,0,1,0,0,0,0,0,1,0,0,0,
0,0,0,1,0,0,0,0,0,0,0,1,1,1,1,0,0,0,0,0,0,0,0,1,0,1,1,1,0,0,0,1,
0,0,0,0,0,0,0,0,0,0,1,0,0,1,1,0,0,0,0,0,1,0,0,0,0,0,0,0,0,0,0,0,
0,0,0,0,0,0,0,0,0,0,0,1,1,0,0,0,0,0,0,0,0,0,0,0,0,0,0,0,0,0,0,0,
0,0,0,0,0,0,0,0,1,0,0,0,0,1,1,0,0,0,0,0,1,0,0,0,0,0,0,0,0,0,0,0,
0,0,0,1,0,0,1,1,0,1,0,0,3,2,2,0,0,3,1,0,0,0,0,2,0,1,1,1,2,0,0,1,
0,0,0,1,0,0,0,1,0,1,0,3,0,2,2,0,0,0,0,0,0,0,0,2,0,1,1,1,0,0,0,1,
0,0,0,1,0,0,0,1,1,0,1,2,2,0,3,0,0,0,0,0,1,0,0,2,0,1,1,1,0,0,0,1,
0,0,0,1,0,0,0,1,1,0,1,2,2,3,0,0,0,0,0,0,1,0,0,2,0,1,1,1,0,0,0,1,
0,0,0,0,0,0,0,0,0,0,0,0,0,0,0,0,1,0,0,0,0,0,0,0,0,0,0,0,0,0,0,0,
0,0,0,0,0,4,0,0,0,0,0,0,0,0,0,1,0,0,0,1,0,0,0,0,0,0,0,0,0,0,0,0,
1,0,1,0,1,0,2,0,0,0,0,3,0,0,0,0,0,0,1,0,0,1,1,0,0,0,0,0,3,0,0,0,
0,0,0,0,0,0,0,0,0,0,0,1,0,0,0,0,0,1,0,0,0,0,0,0,0,0,0,0,0,0,0,0,
0,0,0,0,0,1,0,0,0,0,0,0,0,0,0,0,1,0,0,0,0,0,0,0,0,0,0,0,0,0,0,0,
0,0,0,0,0,0,0,0,1,0,1,0,0,1,1,0,0,0,0,0,0,0,0,0,0,0,0,0,0,0,0,0,
0,1,1,0,1,0,0,0,0,0,0,0,0,0,0,0,0,1,0,0,0,0,0,0,0,0,0,0,1,1,1,0,
1,0,0,0,0,0,1,0,0,0,0,0,0,0,0,0,0,1,0,0,0,0,0,0,0,0,0,0,0,0,0,0,
0,0,0,1,0,0,0,1,0,0,0,2,2,2,2,0,0,0,0,0,0,0,0,0,0,1,1,1,0,0,0,1,
1,0,0,0,1,1,0,0,0,0,0,0,0,0,0,0,0,0,0,0,0,0,0,0,0,0,0,0,0,0,1,0,
0,0,0,1,0,0,0,1,0,0,0,1,1,1,1,0,0,0,0,0,0,0,0,1,0,0,1,1,0,0,0,1,
0,0,0,1,0,0,0,1,0,0,0,1,1,1,1,0,0,0,0,0,0,0,0,1,0,1,0,1,0,0,0,1,
0,0,0,1,0,0,0,1,0,0,0,1,1,1,1,0,0,0,0,0,0,0,0,1,0,1,1,0,0,0,0,1,
0,0,1,0,1,0,1,0,0,0,0,2,0,0,0,0,0,3,0,0,0,1,0,0,0,0,0,0,0,0,0,0,
0,1,0,0,0,0,0,0,0,0,0,0,0,0,0,0,0,0,0,0,0,1,0,0,0,0,0,0,0,0,1,0,
1,1,0,0,1,1,0,0,0,0,0,0,0,0,0,0,0,0,0,0,0,1,0,0,1,0,0,0,0,1,0,0,
0,0,0,1,0,0,0,1,0,0,0,1,1,1,1,0,0,0,0,0,0,0,0,1,0,1,1,1,0,0,0,0,
23,23
Eleftherios Koutsofios,1,Christian Panse,39,Andrew W. Appel,123,Thomas Seidl,168,Bob Deletto,261,Jörn Schneidewind,487,Julain Ladisch,490,Meichun Hsu,500,James Abello,588,Annemarie Herrmann,725,Jeffrey Korn,742,Daniel Keim,750,K.-P. Vo,759,Hans-Peter Krigel,812,Mihael Ankerst,857,Hans-Peter Kriegel,876,Ming Hao,905,Stephen C. North,968,Jim Baker,977,Stefan Berchtold,978,Emden R. Gansner,987,Umesh Dayal,1027,Irene Finocchi,1034,
Eleftherios Koutsofios,1,Christian Panse,39,Andrew W. Appel,123,Thomas Seidl,168,Bob Deletto,261,Jörn Schneidewind,487,Julain Ladisch,490,Meichun Hsu,500,James Abello,588,Annemarie Herrmann,725,Jeffrey Korn,742,Daniel Keim,750,K.-P. Vo,759,Hans-Peter Krigel,812,Mihael Ankerst,857,Hans-Peter Kriegel,876,Ming Hao,905,Stephen C. North,968,Jim Baker,977,Stefan Berchtold,978,Emden R. Gansner,987,Umesh Dayal,1027,Irene Finocchi,1034,
0,0,0,0,0,0,0,0,1,0,0,0,1,0,0,0,0,2,0,0,2,0,0,
0,0,0,0,0,1,0,0,0,0,0,2,0,0,0,0,0,2,0,0,0,0,0,
0,0,0,0,0,0,0,0,0,0,1,0,0,0,0,0,0,0,0,0,0,0,0,
0,0,0,0,0,0,0,0,0,0,0,1,0,0,0,1,0,0,0,0,0,0,0,
0,0,0,0,0,0,0,1,0,0,0,0,0,0,0,0,1,0,1,0,0,1,0,
0,1,0,0,0,0,0,0,0,0,0,1,0,0,0,0,0,1,0,0,0,0,0,
0,0,0,0,0,0,0,1,0,0,0,1,0,0,0,0,1,0,0,0,0,1,0,
0,0,0,0,1,0,1,0,0,0,0,1,0,0,0,0,2,0,1,0,0,2,0,
1,0,0,0,0,0,0,0,0,0,3,0,0,0,0,0,0,1,0,0,1,0,1,
0,0,0,0,0,0,0,0,0,0,0,1,0,0,0,0,0,0,0,0,0,0,0,
0,0,1,0,0,0,0,0,3,0,0,0,0,0,0,0,0,0,0,0,0,0,1,
0,2,0,1,0,1,1,1,0,1,0,0,0,1,2,5,1,2,0,2,0,1,0,
1,0,0,0,0,0,0,0,0,0,0,0,0,0,0,0,0,1,0,0,1,0,0,
0,0,0,0,0,0,0,0,0,0,0,1,0,0,0,0,0,0,0,0,0,0,0,
0,0,0,0,0,0,0,0,0,0,0,2,0,0,0,1,0,0,0,1,0,0,0,
0,0,0,1,0,0,0,0,0,0,0,5,0,0,1,0,0,0,0,1,0,0,0,
0,0,0,0,1,0,1,2,0,0,0,1,0,0,0,0,0,0,1,0,0,2,0,
2,2,0,0,0,1,0,0,1,0,0,2,1,0,0,0,0,0,0,0,2,0,0,
0,0,0,0,1,0,0,1,0,0,0,0,0,0,0,0,1,0,0,0,0,1,0,
0,0,0,0,0,0,0,0,0,0,0,2,0,0,1,1,0,0,0,0,0,0,0,
2,0,0,0,0,0,0,0,1,0,0,0,1,0,0,0,0,2,0,0,0,0,0,
0,0,0,0,1,0,1,2,0,0,0,1,0,0,0,0,2,0,1,0,0,0,0,
0,0,0,0,0,0,0,0,1,0,1,0,0,0,0,0,0,0,0,0,0,0,0,
24,24
Quang Vinh Nguyen,36,Stephen G. Kobourov,38,Robert Cohen,52,Benoît Hudson,54,Xuemin Lin,61,Ioannis G. Tollis,90,Ulrick Barandes,146,Achilleas Papakostas,180,Giuseppe Di Battista,266,Luca Vismara,405,Roberto Tamassia,414,Christian A. Duncan,465,Ryan S. Baker,524,Giuseppe Liotta,542,Isabel F. Cruz,564,Mao Lin Huang,649,Michael T. Goodrich,708,Mark Handy,723,Qing-Wen Feng,757,Galina Shubina,853,Peter Eades,880,Natasha Gelfand,970,Aaron Quigley,988,Janet M. Six,1004,
Quang Vinh Nguyen,36,Stephen G. Kobourov,38,Robert Cohen,52,Benoît Hudson,54,Xuemin Lin,61,Ioannis G. Tollis,90,Ulrick Barandes,146,Achilleas Papakostas,180,Giuseppe Di Battista,266,Luca Vismara,405,Roberto Tamassia,414,Christian A. Duncan,465,Ryan S. Baker,524,Giuseppe Liotta,542,Isabel F. Cruz,564,Mao Lin Huang,649,Michael T. Goodrich,708,Mark Handy,723,Qing-Wen Feng,757,Galina Shubina,853,Peter Eades,880,Natasha Gelfand,970,Aaron Quigley,988,Janet M. Six,1004,
0,0,0,0,0,0,0,0,0,0,0,0,0,0,0,1,0,0,0,0,0,0,0,0,
0,0,0,0,0,0,0,0,0,0,0,2,0,0,0,0,2,0,0,0,0,0,0,0,
0,0,0,1,0,0,1,0,0,1,1,0,1,0,0,0,1,1,0,1,0,1,0,0,
0,0,1,0,0,0,1,0,0,1,1,0,1,0,0,0,1,1,0,1,0,1,0,0,
0,0,0,0,0,0,0,0,0,0,0,0,0,0,0,0,0,0,1,0,1,0,0,0,
0,0,0,0,0,0,0,1,1,0,1,0,0,0,0,0,0,0,0,0,1,0,0,3,
0,0,1,1,0,0,0,0,0,1,1,0,1,0,0,0,1,1,0,1,0,1,0,0,
0,0,0,0,0,1,0,0,0,0,0,0,0,0,0,0,0,0,0,0,0,0,0,0,
0,0,0,0,0,1,0,0,0,0,1,0,0,0,0,0,0,0,0,0,1,0,0,0,
0,0,1,1,0,0,1,0,0,0,1,0,1,0,0,0,1,1,0,1,0,1,0,0,
0,0,1,1,0,1,1,0,1,1,0,0,1,1,1,0,1,1,0,1,2,1,0,0,
0,2,0,0,0,0,0,0,0,0,0,0,0,0,0,0,2,0,0,0,0,0,0,0,
0,0,1,1,0,0,1,0,0,1,1,0,0,0,0,0,1,1,0,1,0,1,0,0,
0,0,0,0,0,0,0,0,0,0,1,0,0,0,1,0,0,0,0,0,0,0,0,0,
0,0,0,0,0,0,0,0,0,0,1,0,0,1,0,0,0,0,0,0,0,0,0,0,
1,0,0,0,0,0,0,0,0,0,0,0,0,0,0,0,0,0,0,0,1,0,0,0,
0,2,1,1,0,0,1,0,0,1,1,2,1,0,0,0,0,1,0,1,0,1,0,0,
0,0,1,1,0,0,1,0,0,1,1,0,1,0,0,0,1,0,0,1,0,1,0,0,
0,0,0,0,1,0,0,0,0,0,0,0,0,0,0,0,0,0,0,0,3,0,0,0,
0,0,1,1,0,0,1,0,0,1,1,0,1,0,0,0,1,1,0,0,0,1,0,0,
0,0,0,0,1,1,0,0,1,0,2,0,0,0,0,1,0,0,3,0,0,0,1,0,
0,0,1,1,0,0,1,0,0,1,1,0,1,0,0,0,1,1,0,1,0,0,0,0,
0,0,0,0,0,0,0,0,0,0,0,0,0,0,0,0,0,0,0,0,1,0,0,0,
0,0,0,0,0,3,0,0,0,0,0,0,0,0,0,0,0,0,0,0,0,0,0,0,
6,6
Lawrence A. Rowe,2,Carl Meyer,51,Michael Davis,406,Charles Spirakis,843,Allan Tuan,884,Eli Messinger,920,
Lawrence A. Rowe,2,Carl Meyer,51,Michael Davis,406,Charles Spirakis,843,Allan Tuan,884,Eli Messinger,920,
0,1,1,1,1,1,
1,0,1,1,1,1,
1,1,0,1,1,1,
1,1,1,0,1,1,
1,1,1,1,0,1,
1,1,1,1,1,0,
46,46
Jonathan I. Helfman,3,Jason Stewart,9,Benjamin B. Bederson,11,M. Weiser,28,Tim McCandless,63,Jeff Zacks,94,Dave Wroblewski,113,David Proft,132,Angela Boltman,204,Varun Saini,278,David Carr,308,Rodrigo A. Botafogo,320,Erik Wistrand,341,Anne Rose,387,Ron R. Hightower,433,Jon Meyer,513,J. Callahan,514,Jean-Daniel Fekete,521,Seth Widoff,540,George W. Furnas,544,Catherine Plaisant,613,Jim Hollan,640,David Turo,646,Vinit Jain,653,Susanne Jul,658,Xiaolong Zhang,678,William C. Hill,687,D. Hopkins,696,Christopher Williamson,699,Egemen Tanin,715,Christopher Ahlberg,722,Sandeep Prabhakar,738,Brian Johnson,753,Ehud Rivlin,760,William J. Weiland,796,Martin Wattenberg,803,Laura T. Ring,854,Lance Good,904,Nathan Conklin,907,Richard Beigel,962,Chris North,965,Jesse Grosjean,976,Brett Milash,1019,Allison Druin,1029,Khoa Doan,1043,Ben Shneiderman,1045,
Jonathan I. Helfman,3,Jason Stewart,9,Benjamin B. Bederson,11,M. Weiser,28,Tim McCandless,63,Jeff Zacks,94,Dave Wroblewski,113,David Proft,132,Angela Boltman,204,Varun Saini,278,David Carr,308,Rodrigo A. Botafogo,320,Erik Wistrand,341,Anne Rose,387,Ron R. Hightower,433,Jon Meyer,513,J. Callahan,514,Jean-Daniel Fekete,521,Seth Widoff,540,George W. Furnas,544,Catherine Plaisant,613,Jim Hollan,640,David Turo,646,Vinit Jain,653,Susanne Jul,658,Xiaolong Zhang,678,William C. Hill,687,D. Hopkins,696,Christopher Williamson,699,Egemen Tanin,715,Christopher Ahlberg,722,Sandeep Prabhakar,738,Brian Johnson,753,Ehud Rivlin,760,William J. Weiland,796,Martin Wattenberg,803,Laura T. Ring,854,Lance Good,904,Nathan Conklin,907,Richard Beigel,962,Chris North,965,Jesse Grosjean,976,Brett Milash,1019,Allison Druin,1029,Khoa Doan,1043,Ben Shneiderman,1045,
0,0,1,0,0,0,0,0,0,0,0,0,0,0,1,0,0,0,0,0,0,1,0,0,0,0,0,0,0,0,0,0,0,0,0,0,1,0,0,0,0,0,0,0,0,0,
0,0,1,0,0,0,0,1,0,0,0,0,0,0,0,0,0,0,0,0,0,1,0,0,0,0,0,0,0,0,0,0,0,0,0,0,0,0,0,0,0,0,0,1,0,0,
1,1,0,0,0,0,0,1,1,0,0,0,0,0,1,1,0,0,0,1,1,4,0,0,0,0,0,0,0,0,0,0,0,0,0,1,1,1,0,0,0,1,0,1,0,1,
0,0,0,0,0,0,0,0,0,0,0,0,0,0,0,0,1,0,0,0,0,0,0,0,0,0,0,1,0,0,0,0,0,0,0,0,0,0,0,0,0,0,0,0,0,1,
0,0,0,0,0,0,1,0,0,0,0,0,0,0,0,0,0,0,0,0,0,1,0,0,0,0,1,0,0,0,0,0,0,0,0,0,0,0,0,0,0,0,0,0,0,0,
0,0,0,0,0,0,0,0,0,0,0,0,0,0,0,0,0,0,0,1,0,0,0,0,0,0,0,0,0,0,0,0,0,0,0,0,0,0,0,0,0,0,0,0,0,0,
0,0,0,0,1,0,0,0,0,0,0,0,0,0,0,0,0,0,0,0,0,1,0,0,0,0,1,0,0,0,0,0,0,0,0,0,0,0,0,0,0,0,0,0,0,0,
0,1,1,0,0,0,0,0,0,0,0,0,0,0,0,0,0,0,0,0,0,1,0,0,0,0,0,0,0,0,0,0,0,0,0,0,0,0,0,0,0,0,0,1,0,0,
0,0,1,0,0,0,0,0,0,0,0,0,0,0,0,0,0,0,0,0,0,0,0,0,0,0,0,0,0,0,0,0,0,0,0,0,0,0,0,0,0,0,0,0,0,0,
0,0,0,0,0,0,0,0,0,0,0,0,0,0,0,0,0,0,0,0,0,0,0,0,0,0,0,0,0,0,0,0,0,0,0,0,0,0,1,0,1,0,0,0,0,0,
0,0,0,0,0,0,0,0,0,0,0,0,0,0,0,0,0,0,0,0,1,0,0,0,0,0,0,0,0,0,0,0,0,0,0,0,0,0,0,0,0,0,0,0,0,1,
0,0,0,0,0,0,0,0,0,0,0,0,0,0,0,0,0,0,0,0,0,0,0,0,0,0,0,0,0,0,0,0,0,1,0,0,0,0,0,0,0,0,0,0,0,1,
0,0,0,0,0,0,0,0,0,0,0,0,0,0,0,0,0,0,0,0,0,0,0,0,0,0,0,0,0,0,2,0,0,0,0,0,0,0,0,0,0,0,0,0,0,0,
0,0,0,0,0,0,0,0,0,0,0,0,0,0,0,0,0,0,1,0,1,0,0,0,0,0,0,0,0,0,0,0,0,0,0,0,0,0,0,0,0,0,1,0,0,1,
1,0,1,0,0,0,0,0,0,0,0,0,0,0,0,0,0,0,0,0,0,1,0,0,0,0,0,0,0,0,0,0,0,0,0,0,1,0,0,0,0,0,0,0,0,0,
0,0,1,0,0,0,0,0,0,0,0,0,0,0,0,0,0,0,0,0,0,0,0,0,0,0,0,0,0,0,0,0,0,0,0,0,0,1,0,0,0,0,0,0,0,0,
0,0,0,1,0,0,0,0,0,0,0,0,0,0,0,0,0,0,0,0,0,0,0,0,0,0,0,1,0,0,0,0,0,0,0,0,0,0,0,0,0,0,0,0,0,1,
0,0,0,0,0,0,0,0,0,0,0,0,0,0,0,0,0,0,0,0,2,0,0,0,0,0,0,0,0,0,0,0,0,0,0,0,0,0,0,0,0,0,0,0,0,0,
0,0,0,0,0,0,0,0,0,0,0,0,0,1,0,0,0,0,0,0,1,0,0,0,0,0,0,0,0,0,0,0,0,0,0,0,0,0,0,0,0,0,1,0,0,1,
0,0,1,0,0,1,0,0,0,0,0,0,0,0,0,0,0,0,0,0,0,0,0,0,1,1,0,0,0,0,0,0,0,0,0,0,0,0,0,0,0,0,0,0,0,0,
0,0,1,0,0,0,0,0,0,0,1,0,0,1,0,0,0,2,1,0,0,0,0,0,0,0,0,0,0,0,0,0,0,0,0,0,0,0,0,0,0,1,1,0,1,3,
1,1,4,0,1,0,1,1,0,0,0,0,0,0,1,0,0,0,0,0,0,0,0,0,0,0,1,0,0,0,0,0,0,0,0,0,1,0,0,0,0,0,0,1,0,0,
0,0,0,0,0,0,0,0,0,0,0,0,0,0,0,0,0,0,0,0,0,0,0,0,0,0,0,0,0,0,0,0,1,0,0,0,0,0,0,0,0,0,0,0,0,0,
0,0,0,0,0,0,0,0,0,0,0,0,0,0,0,0,0,0,0,0,0,0,0,0,0,0,0,0,0,0,0,0,0,0,0,0,0,0,0,0,0,0,0,0,0,1,
0,0,0,0,0,0,0,0,0,0,0,0,0,0,0,0,0,0,0,1,0,0,0,0,0,0,0,0,0,0,0,0,0,0,0,0,0,0,0,0,0,0,0,0,0,0,
0,0,0,0,0,0,0,0,0,0,0,0,0,0,0,0,0,0,0,1,0,0,0,0,0,0,0,0,0,0,0,0,0,0,0,0,0,0,0,0,0,0,0,0,0,0,
0,0,0,0,1,0,1,0,0,0,0,0,0,0,0,0,0,0,0,0,0,1,0,0,0,0,0,0,0,0,0,0,0,0,0,0,0,0,0,0,0,0,0,0,0,0,
0,0,0,1,0,0,0,0,0,0,0,0,0,0,0,0,1,0,0,0,0,0,0,0,0,0,0,0,0,0,0,0,0,0,0,0,0,0,0,0,0,0,0,0,0,1,
0,0,0,0,0,0,0,0,0,0,0,0,0,0,0,0,0,0,0,0,0,0,0,0,0,0,0,0,0,0,1,0,0,0,0,0,0,0,0,0,0,0,0,0,0,2,
0,0,0,0,0,0,0,0,0,0,0,0,0,0,0,0,0,0,0,0,0,0,0,0,0,0,0,0,0,0,0,0,0,0,0,0,0,0,0,3,0,0,0,0,0,2,
0,0,0,0,0,0,0,0,0,0,0,0,2,0,0,0,0,0,0,0,0,0,0,0,0,0,0,0,1,0,0,0,0,0,0,0,0,0,0,0,0,0,0,0,0,4,
0,0,0,0,0,0,0,0,0,0,0,0,0,0,0,0,0,0,0,0,0,0,0,0,0,0,0,0,0,0,0,0,0,0,0,0,0,0,1,0,1,0,0,0,0,0,
0,0,0,0,0,0,0,0,0,0,0,0,0,0,0,0,0,0,0,0,0,0,1,0,0,0,0,0,0,0,0,0,0,0,0,0,0,0,0,0,0,0,0,0,0,1,
0,0,0,0,0,0,0,0,0,0,0,1,0,0,0,0,0,0,0,0,0,0,0,0,0,0,0,0,0,0,0,0,0,0,0,0,0,0,0,0,0,0,0,0,0,1,
0,0,0,0,0,0,0,0,0,0,0,0,0,0,0,0,0,0,0,0,0,0,0,0,0,0,0,0,0,0,0,0,0,0,0,0,0,0,0,0,0,0,0,0,0,1,
0,0,1,0,0,0,0,0,0,0,0,0,0,0,0,0,0,0,0,0,0,0,0,0,0,0,0,0,0,0,0,0,0,0,0,0,0,0,0,0,0,0,0,0,0,2,
1,0,1,0,0,0,0,0,0,0,0,0,0,0,1,0,0,0,0,0,0,1,0,0,0,0,0,0,0,0,0,0,0,0,0,0,0,0,0,0,0,0,0,0,0,0,
0,0,1,0,0,0,0,0,0,0,0,0,0,0,0,1,0,0,0,0,0,0,0,0,0,0,0,0,0,0,0,0,0,0,0,0,0,0,0,0,0,0,0,0,0,0,
0,0,0,0,0,0,0,0,0,1,0,0,0,0,0,0,0,0,0,0,0,0,0,0,0,0,0,0,0,0,0,1,0,0,0,0,0,0,0,0,2,0,0,0,0,0,
0,0,0,0,0,0,0,0,0,0,0,0,0,0,0,0,0,0,0,0,0,0,0,0,0,0,0,0,0,3,0,0,0,0,0,0,0,0,0,0,0,0,0,0,0,2,
0,0,0,0,0,0,0,0,0,1,0,0,0,0,0,0,0,0,0,0,0,0,0,0,0,0,0,0,0,0,0,1,0,0,0,0,0,0,2,0,0,0,0,0,0,1,
0,0,1,0,0,0,0,0,0,0,0,0,0,0,0,0,0,0,0,0,1,0,0,0,0,0,0,0,0,0,0,0,0,0,0,0,0,0,0,0,0,0,0,0,0,0,
0,0,0,0,0,0,0,0,0,0,0,0,0,1,0,0,0,0,1,0,1,0,0,0,0,0,0,0,0,0,0,0,0,0,0,0,0,0,0,0,0,0,0,0,0,1,
0,1,1,0,0,0,0,1,0,0,0,0,0,0,0,0,0,0,0,0,0,1,0,0,0,0,0,0,0,0,0,0,0,0,0,0,0,0,0,0,0,0,0,0,0,0,
0,0,0,0,0,0,0,0,0,0,0,0,0,0,0,0,0,0,0,0,1,0,0,0,0,0,0,0,0,0,0,0,0,0,0,0,0,0,0,0,0,0,0,0,0,1,
0,0,1,1,0,0,0,0,0,0,1,1,0,1,0,0,1,0,1,0,3,0,0,1,0,0,0,1,2,2,4,0,1,1,1,2,0,0,0,2,1,0,1,0,1,0,
45,45
Rich Gossweiler,16,Polle T. Zellweger,72,Joseph Konstan,87,Daniel C. Robbins,93,K. Claffy,96,Jan O. Pedersen,98,Mark J. Stefik,122,James Pitkow,181,B. Fenner,220,Daniel M. Russell,251,Patricia Schank,289,George G. Robertson,294,Maarten van Dantzich,328,Larry Masinter,345,Francois Guimbretiere,351,Robert DeLine,385,Paul Burchard,392,Ramana Rao,410,Ernest Retzel,448,Tamara Munzner,452,Rachna Dhamija,467,Elizabeth Shoop,516,Ka-Ping Yee,525,Phillip Barry,532,William York,535,David Ungar,539,Peter Pirolli,548,Mary Czerwinski,589,Takeo Igarashi,597,Marti Hearst,628,E. Hoffman,632,John V. Carlis,642,Kevin Larson,720,Per-Kristian Halvorsen,729,Chandu Karadi,741,John Lamping,775,Stuart Card,802,David Thiel,819,Danyel Fisher,820,Christine Diehl,825,Bay-Wei Chang,874,Ed H. Chi,897,T. Tenev,909,Jock Mackinlay,922,John Riedl,983,
Rich Gossweiler,16,Polle T. Zellweger,72,Joseph Konstan,87,Daniel C. Robbins,93,K. Claffy,96,Jan O. Pedersen,98,Mark J. Stefik,122,James Pitkow,181,B. Fenner,220,Daniel M. Russell,251,Patricia Schank,289,George G. Robertson,294,Maarten van Dantzich,328,Larry Masinter,345,Francois Guimbretiere,351,Robert DeLine,385,Paul Burchard,392,Ramana Rao,410,Ernest Retzel,448,Tamara Munzner,452,Rachna Dhamija,467,Elizabeth Shoop,516,Ka-Ping Yee,525,Phillip Barry,532,William York,535,David Ungar,539,Peter Pirolli,548,Mary Czerwinski,589,Takeo Igarashi,597,Marti Hearst,628,E. Hoffman,632,John V. Carlis,642,Kevin Larson,720,Per-Kristian Halvorsen,729,Chandu Karadi,741,John Lamping,775,Stuart Card,802,David Thiel,819,Danyel Fisher,820,Christine Diehl,825,Bay-Wei Chang,874,Ed H. Chi,897,T. Tenev,909,Jock Mackinlay,922,John Riedl,983,
0,0,0,0,0,0,0,1,0,0,0,0,0,0,0,0,0,0,0,0,0,0,0,0,0,0,1,0,0,0,0,0,0,0,0,0,1,0,0,0,0,1,0,1,0,
0,0,0,0,0,0,0,0,0,0,0,0,0,0,0,0,0,0,0,0,0,0,0,0,0,0,0,0,1,0,0,0,0,0,0,0,0,0,0,0,1,0,0,1,0,
0,0,0,0,0,0,0,0,0,0,0,0,0,0,0,0,0,0,0,0,0,0,0,2,0,0,0,0,0,0,0,0,0,0,0,0,0,0,0,0,0,2,0,0,2,
0,0,0,0,0,0,0,0,0,0,0,1,1,0,0,0,0,0,0,0,0,0,0,0,0,0,0,1,0,0,0,0,1,0,0,0,0,1,0,0,0,0,0,0,0,
0,0,0,0,0,0,0,0,1,0,0,0,0,0,0,0,0,0,0,1,0,0,0,0,0,0,0,0,0,0,1,0,0,0,0,0,0,0,0,0,0,0,0,0,0,
0,0,0,0,0,0,0,0,0,0,0,1,0,1,0,0,0,1,0,0,0,0,0,0,0,0,0,0,0,1,0,0,0,1,0,0,1,0,0,0,0,0,0,1,0,
0,0,0,0,0,0,0,0,0,1,0,0,0,0,0,0,0,0,0,0,0,0,0,0,0,0,1,0,0,0,0,0,0,0,0,0,1,0,0,0,0,0,0,0,0,
1,0,0,0,0,0,0,0,0,0,0,0,0,0,0,0,0,1,0,0,0,0,0,0,0,0,3,0,0,0,0,0,0,0,0,0,1,0,0,0,0,2,0,1,0,
0,0,0,0,1,0,0,0,0,0,0,0,0,0,0,0,0,0,0,1,0,0,0,0,0,0,0,0,0,0,1,0,0,0,0,0,0,0,0,0,0,0,0,0,0,
0,0,0,0,0,0,1,0,0,0,0,0,0,0,0,0,0,0,0,0,0,0,0,0,0,0,1,0,0,0,0,0,0,0,0,0,1,0,0,0,0,0,0,0,0,
0,0,0,0,0,0,0,0,0,0,0,0,0,0,0,0,0,0,0,0,0,0,0,0,0,0,1,0,0,1,0,0,0,0,0,0,0,0,0,1,0,0,0,0,0,
0,0,0,1,0,1,0,0,0,0,0,0,1,1,1,1,0,1,0,1,0,0,0,0,1,0,0,1,0,1,0,0,1,1,0,0,7,1,0,0,0,0,0,8,0,
0,0,0,1,0,0,0,0,0,0,0,1,0,0,0,0,0,0,0,0,0,0,0,0,0,0,0,1,0,0,0,0,1,0,0,0,0,1,0,0,0,0,0,0,0,
0,0,0,0,0,1,0,0,0,0,0,1,0,0,0,0,0,1,0,0,0,0,0,0,0,0,0,0,0,1,0,0,0,1,0,0,1,0,0,0,0,0,0,1,0,
0,0,0,0,0,0,0,0,0,0,0,1,0,0,0,0,0,0,0,1,0,0,0,0,0,0,0,0,0,0,0,0,0,0,0,0,0,0,0,0,0,0,0,0,0,
0,0,0,0,0,0,0,0,0,0,0,1,0,0,0,0,0,0,0,0,0,0,0,0,0,0,0,0,0,0,0,0,0,0,0,0,0,0,0,0,0,0,0,1,0,
0,0,0,0,0,0,0,0,0,0,0,0,0,0,0,0,0,0,0,1,0,0,0,0,0,0,0,0,0,0,0,0,0,0,0,0,0,0,0,0,0,0,0,0,0,
0,0,0,0,0,1,0,1,0,0,0,1,0,1,0,0,0,0,0,0,0,0,0,0,0,0,3,0,0,1,0,0,0,1,0,2,3,0,0,0,0,0,1,1,0,
0,0,0,0,0,0,0,0,0,0,0,0,0,0,0,0,0,0,0,0,0,2,0,2,0,0,0,0,0,0,0,2,0,0,0,0,0,0,0,0,0,2,0,0,2,
0,0,0,0,1,0,0,0,1,0,0,1,0,0,1,0,1,0,0,0,0,0,0,0,0,0,0,0,0,0,1,0,0,0,0,0,0,0,0,0,0,0,0,0,0,
0,0,0,0,0,0,0,0,0,0,0,0,0,0,0,0,0,0,0,0,0,0,1,0,0,0,0,0,0,1,0,0,0,0,0,0,0,0,1,0,0,0,0,0,0,
0,0,0,0,0,0,0,0,0,0,0,0,0,0,0,0,0,0,2,0,0,0,0,2,0,0,0,0,0,0,0,2,0,0,0,0,0,0,0,0,0,2,0,0,2,
0,0,0,0,0,0,0,0,0,0,0,0,0,0,0,0,0,0,0,0,1,0,0,0,0,0,0,0,0,1,0,0,0,0,0,0,0,0,1,0,0,0,0,0,0,
0,0,2,0,0,0,0,0,0,0,0,0,0,0,0,0,0,0,2,0,0,2,0,0,0,0,0,0,0,0,0,2,0,0,0,0,0,0,0,0,0,4,0,0,4,
0,0,0,0,0,0,0,0,0,0,0,1,0,0,0,0,0,0,0,0,0,0,0,0,0,0,0,0,0,0,0,0,0,0,0,0,1,0,0,0,0,0,0,0,0,
0,0,0,0,0,0,0,0,0,0,0,0,0,0,0,0,0,0,0,0,0,0,0,0,0,0,0,0,0,0,0,0,0,0,0,0,0,0,0,0,1,0,0,0,0,
1,0,0,0,0,0,1,3,0,1,1,0,0,0,0,0,0,3,0,0,0,0,0,0,0,0,0,0,0,1,0,0,0,0,0,1,3,0,0,1,0,2,0,1,0,
0,0,0,1,0,0,0,0,0,0,0,1,1,0,0,0,0,0,0,0,0,0,0,0,0,0,0,0,0,0,0,0,1,0,0,0,0,1,0,0,0,0,0,0,0,
0,1,0,0,0,0,0,0,0,0,0,0,0,0,0,0,0,0,0,0,0,0,0,0,0,0,0,0,0,0,0,0,0,0,0,0,0,0,0,0,1,0,0,1,0,
0,0,0,0,0,1,0,0,0,0,1,1,0,1,0,0,0,1,0,0,1,0,1,0,0,0,1,0,0,0,0,0,0,1,1,0,1,0,1,1,0,0,0,1,0,
0,0,0,0,1,0,0,0,1,0,0,0,0,0,0,0,0,0,0,1,0,0,0,0,0,0,0,0,0,0,0,0,0,0,0,0,0,0,0,0,0,0,0,0,0,
0,0,0,0,0,0,0,0,0,0,0,0,0,0,0,0,0,0,2,0,0,2,0,2,0,0,0,0,0,0,0,0,0,0,0,0,0,0,0,0,0,2,0,0,2,
0,0,0,1,0,0,0,0,0,0,0,1,1,0,0,0,0,0,0,0,0,0,0,0,0,0,0,1,0,0,0,0,0,0,0,0,0,1,0,0,0,0,0,0,0,
0,0,0,0,0,1,0,0,0,0,0,1,0,1,0,0,0,1,0,0,0,0,0,0,0,0,0,0,0,1,0,0,0,0,0,0,1,0,0,0,0,0,0,1,0,
0,0,0,0,0,0,0,0,0,0,0,0,0,0,0,0,0,0,0,0,0,0,0,0,0,0,0,0,0,1,0,0,0,0,0,0,0,0,0,0,0,0,0,0,0,
0,0,0,0,0,0,0,0,0,0,0,0,0,0,0,0,0,2,0,0,0,0,0,0,0,0,1,0,0,0,0,0,0,0,0,0,0,0,0,0,0,0,0,0,0,
1,0,0,0,0,1,1,1,0,1,0,7,0,1,0,0,0,3,0,0,0,0,0,0,1,0,3,0,0,1,0,0,0,1,0,0,0,0,0,0,0,2,0,9,0,
0,0,0,1,0,0,0,0,0,0,0,1,1,0,0,0,0,0,0,0,0,0,0,0,0,0,0,1,0,0,0,0,1,0,0,0,0,0,0,0,0,0,0,0,0,
0,0,0,0,0,0,0,0,0,0,0,0,0,0,0,0,0,0,0,0,1,0,1,0,0,0,0,0,0,1,0,0,0,0,0,0,0,0,0,0,0,0,0,0,0,
0,0,0,0,0,0,0,0,0,0,1,0,0,0,0,0,0,0,0,0,0,0,0,0,0,0,1,0,0,1,0,0,0,0,0,0,0,0,0,0,0,0,0,0,0,
0,1,0,0,0,0,0,0,0,0,0,0,0,0,0,0,0,0,0,0,0,0,0,0,0,1,0,0,1,0,0,0,0,0,0,0,0,0,0,0,0,0,0,1,0,
1,0,2,0,0,0,0,2,0,0,0,0,0,0,0,0,0,0,2,0,0,2,0,4,0,0,2,0,0,0,0,2,0,0,0,0,2,0,0,0,0,0,0,1,5,
0,0,0,0,0,0,0,0,0,0,0,0,0,0,0,0,0,1,0,0,0,0,0,0,0,0,0,0,0,0,0,0,0,0,0,0,0,0,0,0,0,0,0,0,0,
1,1,0,0,0,1,0,1,0,0,0,8,0,1,0,1,0,1,0,0,0,0,0,0,0,0,1,0,1,1,0,0,0,1,0,0,9,0,0,0,1,1,0,0,0,
0,0,2,0,0,0,0,0,0,0,0,0,0,0,0,0,0,0,2,0,0,2,0,4,0,0,0,0,0,0,0,2,0,0,0,0,0,0,0,0,0,5,0,0,0,
20,20
C. Dunmire,20,C. C. Gomberg,21,Steven F. Roth,105,Brad A. Myers,131,Matthew A. Goldberg,283,M. B. Burks,312,Mei Chuah,338,Michael Higgins,364,Joe Mattis,390,Mark Derthick,427,David S. Kosbie,503,Stephan Kerpedjiev,593,John Kolojejchick,608,P. J. Stroffolino,611,Jeffrey Senn,666,James Harrison,673,Andrew Moore,721,A. J. Kolojechick,745,Jade Goldstein,873,Peter Lucas,927,
C. Dunmire,20,C. C. Gomberg,21,Steven F. Roth,105,Brad A. Myers,131,Matthew A. Goldberg,283,M. B. Burks,312,Mei Chuah,338,Michael Higgins,364,Joe Mattis,390,Mark Derthick,427,David S. Kosbie,503,Stephan Kerpedjiev,593,John Kolojejchick,608,P. J. Stroffolino,611,Jeffrey Senn,666,James Harrison,673,Andrew Moore,721,A. J. Kolojechick,745,Jade Goldstein,873,Peter Lucas,927,
0,1,1,0,0,1,0,0,0,0,0,0,0,1,1,0,0,1,0,1,
1,0,1,0,0,1,0,0,0,0,0,0,0,1,1,0,0,1,0,1,
1,1,0,0,0,1,4,0,4,3,0,1,6,1,1,1,1,1,2,2,
0,0,0,0,1,0,0,0,0,0,1,0,0,0,0,0,0,0,1,0,
0,0,0,1,0,0,0,0,0,0,0,0,0,0,0,0,0,0,1,0,
1,1,1,0,0,0,0,0,0,0,0,0,0,1,1,0,0,1,0,1,
0,0,4,0,0,0,0,0,2,0,0,1,2,0,0,0,0,0,0,0,
0,0,0,0,0,0,0,0,0,0,0,0,0,0,1,0,0,0,0,1,
0,0,4,0,0,0,2,0,0,0,0,0,3,0,0,0,0,0,1,0,
0,0,3,0,0,0,0,0,0,0,0,0,2,0,0,1,1,0,0,0,
0,0,0,1,0,0,0,0,0,0,0,0,0,0,0,0,0,0,0,0,
0,0,1,0,0,0,1,0,0,0,0,0,0,0,0,0,0,0,0,0,
0,0,6,0,0,0,2,0,3,2,0,0,0,0,0,0,0,0,1,1,
1,1,1,0,0,1,0,0,0,0,0,0,0,0,1,0,0,1,0,1,
1,1,1,0,0,1,0,1,0,0,0,0,0,1,0,0,0,1,0,2,
0,0,1,0,0,0,0,0,0,1,0,0,0,0,0,0,1,0,0,0,
0,0,1,0,0,0,0,0,0,1,0,0,0,0,0,1,0,0,0,0,
1,1,1,0,0,1,0,0,0,0,0,0,0,1,1,0,0,0,0,1,
0,0,2,1,1,0,0,0,1,0,0,0,1,0,0,0,0,0,0,0,
1,1,2,0,0,1,0,1,0,0,0,0,1,1,2,0,0,1,0,0,
18,18
Allison Woodruff,22,Mybrid Spalding,48,James Landay,49,Michael Stonebraker,77,Chris Olston,176,Allan Kuchinsky,236,J. M. Hellerstein,273,Alexander Aiken,275,Alan Su,348,Cimarron Taylor,585,Peter Wisnovsky,644,Jolly Chen,677,Caroline Paxson,681,Michelle Q. Wang Baldonado,830,Vuk Ercegovac,918,Jason I. Hong,993,Michael Chu,1012,Mark Lin,1025,
Allison Woodruff,22,Mybrid Spalding,48,James Landay,49,Michael Stonebraker,77,Chris Olston,176,Allan Kuchinsky,236,J. M. Hellerstein,273,Alexander Aiken,275,Alan Su,348,Cimarron Taylor,585,Peter Wisnovsky,644,Jolly Chen,677,Caroline Paxson,681,Michelle Q. Wang Baldonado,830,Vuk Ercegovac,918,Jason I. Hong,993,Michael Chu,1012,Mark Lin,1025,
0,1,1,4,2,1,0,3,1,1,1,2,1,1,1,0,1,1,
1,0,0,1,1,0,0,1,0,0,0,0,0,0,1,0,1,1,
1,0,0,1,0,0,0,0,0,0,0,0,0,0,0,1,0,0,
4,1,1,0,2,0,1,4,1,1,1,2,1,0,1,0,1,1,
2,1,0,2,0,0,1,2,0,0,0,0,0,0,1,0,1,1,
1,0,0,0,0,0,0,0,0,0,0,0,0,1,0,0,0,0,
0,0,0,1,1,0,0,1,0,0,0,0,0,0,0,0,0,0,
3,1,0,4,2,0,1,0,1,1,1,2,1,0,1,0,1,1,
1,0,0,1,0,0,0,1,0,1,1,1,1,0,0,0,0,0,
1,0,0,1,0,0,0,1,1,0,1,1,1,0,0,0,0,0,
1,0,0,1,0,0,0,1,1,1,0,1,1,0,0,0,0,0,
2,0,0,2,0,0,0,2,1,1,1,0,1,0,0,0,0,0,
1,0,0,1,0,0,0,1,1,1,1,1,0,0,0,0,0,0,
1,0,0,0,0,1,0,0,0,0,0,0,0,0,0,0,0,0,
1,1,0,1,1,0,0,1,0,0,0,0,0,0,0,0,1,1,
0,0,1,0,0,0,0,0,0,0,0,0,0,0,0,0,0,0,
1,1,0,1,1,0,0,1,0,0,0,0,0,0,1,0,0,1,
1,1,0,1,1,0,0,1,0,0,0,0,0,0,1,0,1,0,
17,17
Joel Winstead,164,K. C. Cox,241,Richard A. Becker,250,T. Alan Keahey,339,Graham J. Wills,340,Nahum Gershon,437,A. Pernicks,464,Joseph L. Steffen,488,D. Hackborn,495,J. Croall,496,Edward L. Robertson,570,William Ruh,579,Stephen G. Eick,763,William S. Cleveland,846,Thomas Ball,863,Joshua Levasseur,951,Allan R. Wilks,1042,
Joel Winstead,164,K. C. Cox,241,Richard A. Becker,250,T. Alan Keahey,339,Graham J. Wills,340,Nahum Gershon,437,A. Pernicks,464,Joseph L. Steffen,488,D. Hackborn,495,J. Croall,496,Edward L. Robertson,570,William Ruh,579,Stephen G. Eick,763,William S. Cleveland,846,Thomas Ball,863,Joshua Levasseur,951,Allan R. Wilks,1042,
0,0,0,0,0,1,1,0,0,1,0,2,0,0,0,2,0,
0,0,0,0,0,0,0,0,1,0,0,0,1,0,0,0,0,
0,0,0,0,0,0,0,0,0,0,0,0,1,1,0,0,1,
0,0,0,0,0,0,0,0,0,0,2,0,1,0,0,0,0,
0,0,0,0,0,0,0,0,0,0,0,0,1,0,0,0,0,
1,0,0,0,0,0,0,0,0,0,0,1,1,0,0,1,0,
1,0,0,0,0,0,0,0,0,1,0,1,0,0,0,1,0,
0,0,0,0,0,0,0,0,0,0,0,0,1,0,0,0,0,
0,1,0,0,0,0,0,0,0,0,0,0,0,0,0,0,0,
1,0,0,0,0,0,1,0,0,0,0,1,0,0,0,1,0,
0,0,0,2,0,0,0,0,0,0,0,0,0,0,0,0,0,
2,0,0,0,0,1,1,0,0,1,0,0,0,0,0,2,0,
0,1,1,1,1,1,0,1,0,0,0,0,0,0,1,0,1,
0,0,1,0,0,0,0,0,0,0,0,0,0,0,0,0,0,
0,0,0,0,0,0,0,0,0,0,0,0,1,0,0,0,0,
2,0,0,0,0,1,1,0,0,1,0,2,0,0,0,0,0,
0,0,1,0,0,0,0,0,0,0,0,0,1,0,0,0,0,
48,48
Min Chen,5,Mary Jean Harrold,65,Scott S. Snibbe,66,Stephen Wehrend,71,Oren J. Tversky,74,Manojit Sarkar,81,Michelle X. Zhou,97,Clayton Lewis,142,Blair MacIntyre,149,Eileen Kraemer,158,Scott Hudson,171,Jefrey Vroom,215,Sougata Mukherjea,219,David Schlegel,238,Naoki Shibata,256,Steven K. Feiner,293,Craig Upson,304,James A. Jones,371,James Eagan,383,Ying Feng,408,James D. Foley,441,Yoshinori Hara,445,Kyoji Hirata,506,David Laidlaw,511,Clifford Beshers,541,John Stasko,549,Fusako Hirabayashi,557,Teresa Bleser,558,Eliot Solomon,573,Albert Badro,609,Robert A. Shillner,656,Tyson R. Henry,776,Marcus Haupt,781,D. F. Jerding,783,Robert Sedgewick,784,Robert Gurwitz,831,Thomas Faulhaber Jr.,836,Marc P. Stevens,838,Steven P. Reiss,852,Robert Zeleznik,858,Blaine A. Price,887,Eugene Zhang,941,David Kamins,981,Marc A. Najork,996,Andries van Dam,1003,Scott Meyers,1026,John F. Hughes,1033,Marc H. Brown,1041,
Min Chen,5,Mary Jean Harrold,65,Scott S. Snibbe,66,Stephen Wehrend,71,Oren J. Tversky,74,Manojit Sarkar,81,Michelle X. Zhou,97,Clayton Lewis,142,Blair MacIntyre,149,Eileen Kraemer,158,Scott Hudson,171,Jefrey Vroom,215,Sougata Mukherjea,219,David Schlegel,238,Naoki Shibata,256,Steven K. Feiner,293,Craig Upson,304,James A. Jones,371,James Eagan,383,Ying Feng,408,James D. Foley,441,Yoshinori Hara,445,Kyoji Hirata,506,David Laidlaw,511,Clifford Beshers,541,John Stasko,549,Fusako Hirabayashi,557,Teresa Bleser,558,Eliot Solomon,573,Albert Badro,609,Robert A. Shillner,656,Tyson R. Henry,776,Marcus Haupt,781,D. F. Jerding,783,Robert Sedgewick,784,Robert Gurwitz,831,Thomas Faulhaber Jr.,836,Marc P. Stevens,838,Steven P. Reiss,852,Robert Zeleznik,858,Blaine A. Price,887,Eugene Zhang,941,David Kamins,981,Marc A. Najork,996,Andries van Dam,1003,Scott Meyers,1026,John F. Hughes,1033,Marc H. Brown,1041,
0,0,0,0,0,0,1,0,0,0,0,0,0,0,0,0,0,0,0,1,0,0,0,0,0,0,0,0,0,0,0,0,0,0,0,0,0,0,0,0,0,0,0,0,0,0,0,0,
0,0,0,0,0,0,0,0,0,0,0,0,0,0,0,0,0,1,1,0,0,0,0,0,0,1,0,0,0,0,0,0,0,0,0,0,0,0,0,0,0,0,0,0,0,0,0,0,
0,0,0,0,2,1,0,0,0,0,0,0,0,0,0,0,0,0,0,0,0,0,0,0,0,0,0,0,0,0,0,0,0,0,0,0,0,0,1,1,0,0,0,0,0,0,0,0,
0,0,0,0,0,0,0,1,0,0,0,0,0,0,0,0,0,0,0,0,0,0,0,0,0,0,0,0,0,0,0,0,0,0,0,0,0,0,0,0,0,0,0,0,0,0,0,0,
0,0,2,0,0,1,0,0,0,0,0,0,0,0,0,0,0,0,0,0,0,0,0,0,0,0,0,0,0,0,0,0,0,0,0,0,0,0,1,1,0,0,0,0,0,0,0,0,
0,0,1,0,1,0,0,0,0,0,0,0,0,0,0,0,0,0,0,0,0,0,0,0,0,0,0,0,0,0,0,0,0,0,0,0,0,0,1,0,0,0,0,0,0,0,0,2,
1,0,0,0,0,0,0,0,0,0,0,0,0,0,0,2,0,0,0,1,0,0,0,0,0,0,0,0,0,0,0,0,0,0,0,0,0,0,0,0,0,0,0,0,0,0,0,0,
0,0,0,1,0,0,0,0,0,0,0,0,0,0,0,0,0,0,0,0,0,0,0,0,0,1,0,0,0,1,0,0,0,0,0,0,0,0,0,0,0,0,0,0,0,0,0,0,
0,0,0,0,0,0,0,0,0,0,0,0,0,0,0,1,0,0,0,0,0,0,0,0,0,0,0,0,1,0,0,0,1,0,0,0,0,0,0,0,0,0,0,0,0,0,0,0,
0,0,0,0,0,0,0,0,0,0,0,0,0,0,0,0,0,0,0,0,0,0,0,0,0,3,0,0,0,0,0,0,0,0,0,0,0,0,0,0,0,0,0,0,0,0,0,0,
0,0,0,0,0,0,0,0,0,0,0,0,1,0,0,0,0,0,0,0,1,0,0,0,0,0,0,0,0,0,0,1,0,0,0,0,0,0,0,0,0,0,0,0,0,0,0,0,
0,0,0,0,0,0,0,0,0,0,0,0,0,1,0,0,1,0,0,0,0,0,0,1,0,0,0,0,0,0,0,0,0,0,0,1,1,0,0,0,0,0,1,0,1,0,0,0,
0,0,0,0,0,0,0,0,0,0,1,0,0,0,0,0,0,0,0,0,1,1,1,0,0,1,0,0,0,0,0,0,0,0,0,0,0,0,0,0,0,0,0,0,0,0,0,0,
0,0,0,0,0,0,0,0,0,0,0,1,0,0,0,0,1,0,0,0,0,0,0,1,0,0,0,0,0,0,0,0,0,0,0,1,1,0,0,0,0,0,1,0,1,0,0,0,
0,0,0,0,0,0,0,0,0,0,0,0,0,0,0,0,0,0,0,0,0,1,1,0,0,0,1,0,0,0,0,0,0,0,0,0,0,0,0,0,0,0,0,0,0,0,0,0,
0,0,0,0,0,0,2,0,1,0,0,0,0,0,0,0,0,0,0,0,1,0,0,0,2,0,0,0,1,0,0,0,1,0,0,0,0,0,0,0,0,0,0,0,1,0,1,0,
0,0,0,0,0,0,0,0,0,0,0,1,0,1,0,0,0,0,0,0,0,0,0,1,0,0,0,0,0,0,0,0,0,0,0,1,1,0,0,0,0,0,1,0,1,0,0,0,
0,1,0,0,0,0,0,0,0,0,0,0,0,0,0,0,0,0,1,0,0,0,0,0,0,1,0,0,0,0,0,0,0,0,0,0,0,0,0,0,0,0,0,0,0,0,0,0,
0,1,0,0,0,0,0,0,0,0,0,0,0,0,0,0,0,1,0,0,0,0,0,0,0,1,0,0,0,0,0,0,0,0,0,0,0,0,0,0,0,0,0,0,0,0,0,0,
1,0,0,0,0,0,1,0,0,0,0,0,0,0,0,0,0,0,0,0,0,0,0,0,0,0,0,0,0,0,0,0,0,0,0,0,0,0,0,0,0,0,0,0,0,0,0,0,
0,0,0,0,0,0,0,0,0,0,1,0,1,0,0,1,0,0,0,0,0,0,0,0,0,0,0,1,0,0,0,0,0,0,0,0,0,0,0,0,0,0,0,0,1,0,1,0,
0,0,0,0,0,0,0,0,0,0,0,0,1,0,1,0,0,0,0,0,0,0,2,0,0,0,1,0,0,0,0,0,0,0,0,0,0,0,0,0,0,0,0,0,0,0,0,0,
0,0,0,0,0,0,0,0,0,0,0,0,1,0,1,0,0,0,0,0,0,2,0,0,0,0,1,0,0,0,0,0,0,0,0,0,0,0,0,0,0,0,0,0,0,0,0,0,
0,0,0,0,0,0,0,0,0,0,0,1,0,1,0,0,1,0,0,0,0,0,0,0,0,0,0,0,0,0,0,0,0,0,0,1,1,0,0,0,0,0,1,0,1,0,0,0,
0,0,0,0,0,0,0,0,0,0,0,0,0,0,0,2,0,0,0,0,0,0,0,0,0,0,0,0,0,0,0,0,0,0,0,0,0,0,0,0,0,0,0,0,0,0,0,0,
0,1,0,0,0,0,0,1,0,3,0,0,1,0,0,0,0,1,1,0,0,0,0,0,0,0,0,0,0,1,0,0,0,1,0,0,0,0,0,0,1,1,0,0,0,0,0,1,
0,0,0,0,0,0,0,0,0,0,0,0,0,0,1,0,0,0,0,0,0,1,1,0,0,0,0,0,0,0,0,0,0,0,0,0,0,0,0,0,0,0,0,0,0,0,0,0,
0,0,0,0,0,0,0,0,0,0,0,0,0,0,0,0,0,0,0,0,1,0,0,0,0,0,0,0,0,0,0,0,0,0,0,0,0,0,0,0,0,0,0,0,0,0,0,0,
0,0,0,0,0,0,0,0,1,0,0,0,0,0,0,1,0,0,0,0,0,0,0,0,0,0,0,0,0,0,0,0,1,0,0,0,0,0,0,0,0,0,0,0,0,0,0,0,
0,0,0,0,0,0,0,1,0,0,0,0,0,0,0,0,0,0,0,0,0,0,0,0,0,1,0,0,0,0,0,0,0,0,0,0,0,0,0,0,0,0,0,0,0,0,0,0,
0,0,0,0,0,0,0,0,0,0,0,0,0,0,0,0,0,0,0,0,0,0,0,0,0,0,0,0,0,0,0,0,0,0,0,0,0,0,0,0,0,0,0,0,0,0,0,1,
0,0,0,0,0,0,0,0,0,0,1,0,0,0,0,0,0,0,0,0,0,0,0,0,0,0,0,0,0,0,0,0,0,0,0,0,0,0,0,0,0,0,0,0,0,0,0,0,
0,0,0,0,0,0,0,0,1,0,0,0,0,0,0,1,0,0,0,0,0,0,0,0,0,0,0,0,1,0,0,0,0,0,0,0,0,0,0,0,0,0,0,0,0,0,0,0,
0,0,0,0,0,0,0,0,0,0,0,0,0,0,0,0,0,0,0,0,0,0,0,0,0,1,0,0,0,0,0,0,0,0,0,0,0,0,0,0,0,0,0,0,0,0,0,0,
0,0,0,0,0,0,0,0,0,0,0,0,0,0,0,0,0,0,0,0,0,0,0,0,0,0,0,0,0,0,0,0,0,0,0,0,0,0,0,0,0,0,0,0,0,0,0,1,
0,0,0,0,0,0,0,0,0,0,0,1,0,1,0,0,1,0,0,0,0,0,0,1,0,0,0,0,0,0,0,0,0,0,0,0,1,0,0,0,0,0,1,0,1,0,0,0,
0,0,0,0,0,0,0,0,0,0,0,1,0,1,0,0,1,0,0,0,0,0,0,1,0,0,0,0,0,0,0,0,0,0,0,1,0,0,0,0,0,0,1,0,1,0,0,0,
0,0,0,0,0,0,0,0,0,0,0,0,0,0,0,0,0,0,0,0,0,0,0,0,0,0,0,0,0,0,0,0,0,0,0,0,0,0,0,1,0,0,0,0,0,0,1,0,
0,0,1,0,1,1,0,0,0,0,0,0,0,0,0,0,0,0,0,0,0,0,0,0,0,0,0,0,0,0,0,0,0,0,0,0,0,0,0,0,0,0,0,0,0,1,0,0,
0,0,1,0,1,0,0,0,0,0,0,0,0,0,0,0,0,0,0,0,0,0,0,0,0,0,0,0,0,0,0,0,0,0,0,0,0,1,0,0,0,0,0,0,0,0,1,0,
0,0,0,0,0,0,0,0,0,0,0,0,0,0,0,0,0,0,0,0,0,0,0,0,0,1,0,0,0,0,0,0,0,0,0,0,0,0,0,0,0,0,0,0,0,0,0,1,
0,0,0,0,0,0,0,0,0,0,0,0,0,0,0,0,0,0,0,0,0,0,0,0,0,1,0,0,0,0,0,0,0,0,0,0,0,0,0,0,0,0,0,0,0,0,0,0,
0,0,0,0,0,0,0,0,0,0,0,1,0,1,0,0,1,0,0,0,0,0,0,1,0,0,0,0,0,0,0,0,0,0,0,1,1,0,0,0,0,0,0,0,1,0,0,0,
0,0,0,0,0,0,0,0,0,0,0,0,0,0,0,0,0,0,0,0,0,0,0,0,0,0,0,0,0,0,0,0,0,0,0,0,0,0,0,0,0,0,0,0,0,0,0,2,
0,0,0,0,0,0,0,0,0,0,0,1,0,1,0,1,1,0,0,0,1,0,0,1,0,0,0,0,0,0,0,0,0,0,0,1,1,0,0,0,0,0,1,0,0,0,1,0,
0,0,0,0,0,0,0,0,0,0,0,0,0,0,0,0,0,0,0,0,0,0,0,0,0,0,0,0,0,0,0,0,0,0,0,0,0,0,1,0,0,0,0,0,0,0,0,0,
0,0,0,0,0,0,0,0,0,0,0,0,0,0,0,1,0,0,0,0,1,0,0,0,0,0,0,0,0,0,0,0,0,0,0,0,0,1,0,1,0,0,0,0,1,0,0,0,
0,0,0,0,0,2,0,0,0,0,0,0,0,0,0,0,0,0,0,0,0,0,0,0,0,1,0,0,0,0,1,0,0,0,1,0,0,0,0,0,1,0,0,2,0,0,0,0,
7,7
Christopher G. Healey,6,Maureen Tingley,12,Colin Ware,68,Kellogg S. Booth,274,Kevin W. Arthur,415,James T. Enns,693,Pourang Irani,761,
Christopher G. Healey,6,Maureen Tingley,12,Colin Ware,68,Kellogg S. Booth,274,Kevin W. Arthur,415,James T. Enns,693,Pourang Irani,761,
0,0,0,2,0,2,0,
0,0,1,0,0,0,1,
0,1,0,1,1,0,1,
2,0,1,0,1,2,0,
0,0,1,1,0,0,0,
2,0,0,2,0,0,0,
0,1,1,0,0,0,0,
9,9
Mac Holden,7,Hen,196,Carl Burnham,248,Ari Halberstadt,322,Timothy Briggs,331,Danny Ayers,353,Karl Avedal,404,Ray Haynes,440,Stefan Zeiger,624,
Mac Holden,7,Hen,196,Carl Burnham,248,Ari Halberstadt,322,Timothy Briggs,331,Danny Ayers,353,Karl Avedal,404,Ray Haynes,440,Stefan Zeiger,624,
0,1,1,1,1,1,1,1,1,
1,0,1,1,1,1,1,1,1,
1,1,0,1,1,1,1,1,1,
1,1,1,0,1,1,1,1,1,
1,1,1,1,0,1,1,1,1,
1,1,1,1,1,0,1,1,1,
1,1,1,1,1,1,0,1,1,
1,1,1,1,1,1,1,0,1,
1,1,1,1,1,1,1,1,0,
3,3
M. Gray,8,A. Badre,357,M. Guzdial,929,
M. Gray,8,A. Badre,357,M. Guzdial,929,
0,1,1,
1,0,1,
1,1,0,
2,2
Volker Vogelmann,10,Can Keskin,482,
Volker Vogelmann,10,Can Keskin,482,
0,1,
1,0,
8,8
C. K. Yung,13,L. D. Bergman,15,Lloyd A. Treinish,53,D. L. Gresh,58,D. F. Scollan,188,Steve Bryson,285,Bernice E. Rogowitz,518,R. L. Winslow,536,
C. K. Yung,13,L. D. Bergman,15,Lloyd A. Treinish,53,D. L. Gresh,58,D. F. Scollan,188,Steve Bryson,285,Bernice E. Rogowitz,518,R. L. Winslow,536,
0,0,0,1,1,0,1,1,
0,0,1,0,0,0,1,0,
0,1,0,0,0,1,2,0,
1,0,0,0,1,0,1,1,
1,0,0,1,0,0,1,1,
0,0,1,0,0,0,1,0,
1,1,2,1,1,1,0,1,
1,0,0,1,1,0,1,0,
4,4
S. Joy Mountford,14,Abigail Sellen,216,Brenda Laurel,522,Michael Chen,563,
S. Joy Mountford,14,Abigail Sellen,216,Brenda Laurel,522,Michael Chen,563,
0,1,1,1,
1,0,0,1,
1,0,0,0,
1,1,0,0,
2,2
M. Maruyama,17,T. Teraoka,908,
M. Maruyama,17,T. Teraoka,908,
0,1,
1,0,
2,2
Peter R. Keller,18,Mary M. Keller,484,
Peter R. Keller,18,Mary M. Keller,484,
0,1,
1,0,
4,4
David P. Helmbold,19,Charlie McDowell,612,Bill Appelbe,697,Kevin Smith,703,
David P. Helmbold,19,Charlie McDowell,612,Bill Appelbe,697,Kevin Smith,703,
0,1,0,0,
1,0,1,1,
0,1,0,1,
0,1,1,0,
3,3
Karlis Kaugars,23,Alvis Brazma,395,Juris Reinfelds,396,
Karlis Kaugars,23,Alvis Brazma,395,Juris Reinfelds,396,
0,1,1,
1,0,1,
1,1,0,
2,2
Jeffrey Brainerd,24,Barry Becker,422,
Jeffrey Brainerd,24,Barry Becker,422,
0,1,
1,0,
2,2
Claudia Schmid,25,Hans Hinterberger,43,
Claudia Schmid,25,Hans Hinterberger,43,
0,1,
1,0,
2,2
Ishantha Lokuge,27,Suguru Ishizaki,691,
Ishantha Lokuge,27,Suguru Ishizaki,691,
0,1,
1,0,
2,2
Kevin Teixeira,29,Kan Pimentel,605,
Kevin Teixeira,29,Kan Pimentel,605,
0,1,
1,0,
3,3
François Robillard,30,Marc Kaltenbach,163,Claude Frasson,938,
François Robillard,30,Marc Kaltenbach,163,Claude Frasson,938,
0,1,1,
1,0,1,
1,1,0,
8,8
Gordon V. Bancroft,31,Todd C. Plessel,56,R. Kevin McCabe,129,Paul G. Kelaita,133,Al Globus,507,Fergus J. Merritt,572,T. Lasinski,773,C. Levit,1047,
Gordon V. Bancroft,31,Todd C. Plessel,56,R. Kevin McCabe,129,Paul G. Kelaita,133,Al Globus,507,Fergus J. Merritt,572,T. Lasinski,773,C. Levit,1047,
0,1,1,1,1,1,0,0,
1,0,1,1,1,1,0,0,
1,1,0,1,1,1,0,0,
1,1,1,0,1,1,0,0,
1,1,1,1,0,1,1,1,
1,1,1,1,1,0,0,0,
0,0,0,0,1,0,0,1,
0,0,0,0,1,0,1,0,
11,11
C. Shaw,32,A. Zwa,67,John L. Sibert,111,Ian M. Soboroff,144,D. A. Roberts,172,David S. Ebert,233,E. L. Miller,309,Randall M. Rohrer,314,James M. Kukla,654,Rudy P. Darken,921,Charles K. Nicholas,1023,
C. Shaw,32,A. Zwa,67,John L. Sibert,111,Ian M. Soboroff,144,D. A. Roberts,172,David S. Ebert,233,E. L. Miller,309,Randall M. Rohrer,314,James M. Kukla,654,Rudy P. Darken,921,Charles K. Nicholas,1023,
0,1,0,0,1,1,1,0,0,0,0,
1,0,0,0,1,1,1,0,0,0,0,
0,0,0,0,0,1,0,1,0,1,0,
0,0,0,0,0,1,0,0,1,0,1,
1,1,0,0,0,1,1,0,0,0,0,
1,1,1,1,1,0,1,1,1,0,1,
1,1,0,0,1,1,0,0,0,0,0,
0,0,1,0,0,1,0,0,0,0,0,
0,0,0,1,0,1,0,0,0,0,1,
0,0,1,0,0,0,0,0,0,0,0,
0,0,0,1,0,1,0,0,1,0,0,
7,7
Issei Fujishiro,33,Rika Furuhata,84,Yuriko Takeshima,547,Yoshihiko Ichikawa,553,Kyoko Nakamura,785,Chiemi Watanabe,866,Noriko Ukai,966,
Issei Fujishiro,33,Rika Furuhata,84,Yuriko Takeshima,547,Yoshihiko Ichikawa,553,Kyoko Nakamura,785,Chiemi Watanabe,866,Noriko Ukai,966,
0,1,2,2,1,0,0,
1,0,1,2,0,1,1,
2,1,0,2,1,0,0,
2,2,2,0,1,1,1,
1,0,1,1,0,0,0,
0,1,0,1,0,0,1,
0,1,0,1,0,1,0,
4,4
Ron Davidson,34,Yehuda Koren,179,Liran Carmel,984,David Harel,1037,
Ron Davidson,34,Yehuda Koren,179,Liran Carmel,984,David Harel,1037,
0,0,0,1,
0,0,1,3,
0,1,0,1,
1,3,1,0,
3,3
Diane T. Rover,35,Allen D. Malony,120,Michael T. Heath,861,
Diane T. Rover,35,Allen D. Malony,120,Michael T. Heath,861,
0,1,1,
1,0,1,
1,1,0,
2,2
Praveen R. Thiagarajan,37,Guang R. Gao,1051,
Praveen R. Thiagarajan,37,Guang R. Gao,1051,
0,1,
1,0,
2,2
Chris Hendrickson Octavia Juarez Espinosa,40,James H. Garrett Jr.,300,
Chris Hendrickson Octavia Juarez Espinosa,40,James H. Garrett Jr.,300,
0,1,
1,0,
3,3
N. D. Geddes,41,W. B. Rouse,534,J. M. Hammer,730,
N. D. Geddes,41,W. B. Rouse,534,J. M. Hammer,730,
0,1,1,
1,0,1,
1,1,0,
5,5
Klaus Mueller,42,Roger Crawfis,235,Naeem Shareef,284,Jian Huang,360,Nelson Max,828,
Klaus Mueller,42,Roger Crawfis,235,Naeem Shareef,284,Jian Huang,360,Nelson Max,828,
0,1,1,1,0,
1,0,1,1,1,
1,1,0,1,0,
1,1,1,0,0,
0,1,0,0,0,
1,1
R. Brath,44,
R. Brath,44,
0,
20,20
King-Ip Lin,45,Qian Huang,76,Peter Yanker,108,Arun N. Swami,109,Dragutin Petkovic,209,C. K. Wong,228,Jonathan Ashley,277,Rakesh Agrawal,366,Myron Flickner,397,Kyuseok Shim,417,Christos Faloutsos,560,Byron Dom,618,Monika Gorkani,629,Harpreet Sawhney,740,David Steele,744,Denis Lee,786,Petros Faloutsos,822,Jim Hafner,940,Wayne Niblack,950,Michalis Faloutsos,1001,
King-Ip Lin,45,Qian Huang,76,Peter Yanker,108,Arun N. Swami,109,Dragutin Petkovic,209,C. K. Wong,228,Jonathan Ashley,277,Rakesh Agrawal,366,Myron Flickner,397,Kyuseok Shim,417,Christos Faloutsos,560,Byron Dom,618,Monika Gorkani,629,Harpreet Sawhney,740,David Steele,744,Denis Lee,786,Petros Faloutsos,822,Jim Hafner,940,Wayne Niblack,950,Michalis Faloutsos,1001,
0,0,0,0,0,0,0,1,0,1,1,0,0,1,0,0,0,0,0,0,
0,0,1,0,1,0,1,0,1,0,0,1,1,1,1,1,0,1,1,0,
0,1,0,0,1,0,1,0,1,0,0,1,1,1,1,1,0,1,1,0,
0,0,0,0,0,0,0,1,0,0,1,0,0,0,0,0,0,0,0,0,
0,1,1,0,0,0,1,0,1,0,0,1,1,1,1,1,0,1,1,0,
0,0,0,0,0,0,0,0,0,0,0,0,0,0,0,1,0,0,0,0,
0,1,1,0,1,0,0,0,1,0,0,1,1,1,1,1,0,1,1,0,
1,0,0,1,0,0,0,0,0,1,1,0,0,1,0,0,0,0,0,0,
0,1,1,0,1,0,1,0,0,0,0,1,1,1,1,1,0,1,1,0,
1,0,0,0,0,0,0,1,0,0,0,0,0,1,0,0,0,0,0,0,
1,0,0,1,0,0,0,1,0,0,0,0,0,0,0,0,1,0,0,1,
0,1,1,0,1,0,1,0,1,0,0,0,1,1,1,1,0,1,1,0,
0,1,1,0,1,0,1,0,1,0,0,1,0,1,1,1,0,1,1,0,
1,1,1,0,1,0,1,1,1,1,0,1,1,0,1,1,0,1,1,0,
0,1,1,0,1,0,1,0,1,0,0,1,1,1,0,1,0,1,1,0,
0,1,1,0,1,1,1,0,1,0,0,1,1,1,1,0,0,1,1,0,
0,0,0,0,0,0,0,0,0,0,1,0,0,0,0,0,0,0,0,1,
0,1,1,0,1,0,1,0,1,0,0,1,1,1,1,1,0,0,1,0,
0,1,1,0,1,0,1,0,1,0,0,1,1,1,1,1,0,1,0,0,
0,0,0,0,0,0,0,0,0,0,1,0,0,0,0,0,1,0,0,0,
3,3
Christian Uhrig,46,Kurt Mehlhorn,694,Stefan Näher,986,
Christian Uhrig,46,Kurt Mehlhorn,694,Stefan Näher,986,
0,1,1,
1,0,1,
1,1,0,
2,2
Haim Levkowitz,47,Gabor T. Herman,138,
Haim Levkowitz,47,Gabor T. Herman,138,
0,1,
1,0,
6,6
P. Gros,50,P. Abel,263,J. P. Paris,279,D. Loisel,498,C. Russo dos Santos,755,N. Trichaud,797,
P. Gros,50,P. Abel,263,J. P. Paris,279,D. Loisel,498,C. Russo dos Santos,755,N. Trichaud,797,
0,1,1,1,1,1,
1,0,1,1,1,1,
1,1,0,1,1,1,
1,1,1,0,1,1,
1,1,1,1,0,1,
1,1,1,1,1,0,
4,4
Tova Roth,59,Bruce Leban,561,Doug Kimelman,711,Dror Zernik,961,
Tova Roth,59,Bruce Leban,561,Doug Kimelman,711,Dror Zernik,961,
0,1,1,1,
1,0,1,1,
1,1,0,1,
1,1,1,0,
2,2
Bradley W. Halversen,60,Dan R. Olsen,239,
Bradley W. Halversen,60,Dan R. Olsen,239,
0,1,
1,0,
7,7
Jing Yang,62,Allen R. Martin,272,S. Huang,546,Ying-Huey Fua,809,C. L. Bentley,914,Elke A. Rundensteiner,971,Matthew O. Ward,974,
Jing Yang,62,Allen R. Martin,272,S. Huang,546,Ying-Huey Fua,809,C. L. Bentley,914,Elke A. Rundensteiner,971,Matthew O. Ward,974,
0,0,1,0,0,2,2,
0,0,0,0,0,0,1,
1,0,0,0,0,1,1,
0,0,0,0,0,3,3,
0,0,0,0,0,0,1,
2,0,1,3,0,0,5,
2,1,1,3,1,5,0,
3,3
Edgar Chávez,64,José L. Marroquín,166,Gonzalo Navarro,423,
Edgar Chávez,64,José L. Marroquín,166,Gonzalo Navarro,423,
0,1,1,
1,0,1,
1,1,0,
6,6
Frank Van Ham,69,Huub van de Wetering,82,Edward R. Van Selow,604,Ernst Kleiberg,606,Jarke J. van Wijk,651,Frank van Ham,999,
Frank Van Ham,69,Huub van de Wetering,82,Edward R. Van Selow,604,Ernst Kleiberg,606,Jarke J. van Wijk,651,Frank van Ham,999,
0,1,0,0,1,0,
1,0,0,1,3,0,
0,0,0,0,1,0,
0,1,0,0,1,0,
1,3,1,1,0,1,
0,0,0,0,1,0,
3,3
Norma Lopez,70,Heidrun Schumann,240,Matthias Kreuseler,639,
Norma Lopez,70,Heidrun Schumann,240,Matthias Kreuseler,639,
0,1,1,
1,0,1,
1,1,0,
9,9
Alistair Morrison,73,Christoph Pfranger,343,Aran Lunzer,446,P. Cotture,463,Paul Chitson,692,Greg Ross,793,D. Brodbeck,992,M. Chalmers,1018,Robert Ingram,1020,
Alistair Morrison,73,Christoph Pfranger,343,Aran Lunzer,446,P. Cotture,463,Paul Chitson,692,Greg Ross,793,D. Brodbeck,992,M. Chalmers,1018,Robert Ingram,1020,
0,0,0,0,0,1,0,1,0,
0,0,0,0,0,0,0,1,1,
0,0,0,1,0,0,1,1,0,
0,0,1,0,0,0,1,1,0,
0,0,0,0,0,0,0,1,0,
1,0,0,0,0,0,0,1,0,
0,0,1,1,0,0,0,1,0,
1,1,1,1,1,1,1,0,1,
0,1,0,0,0,0,0,1,0,
2,2
Jitendra Malik,75,Jianbo Shi,688,
Jitendra Malik,75,Jianbo Shi,688,
0,1,
1,0,
2,2
Shari Lawrence Pfleeger,78,Norman E. Fenton,567,
Shari Lawrence Pfleeger,78,Norman E. Fenton,567,
0,1,
1,0,
6,6
George S. Davidson,79,Bruce Hendrickson,116,Brian N. Wylie,253,David K. Johnson,287,Kevin W. Boyack,643,Charles E. Meyers,805,
George S. Davidson,79,Bruce Hendrickson,116,Brian N. Wylie,253,David K. Johnson,287,Kevin W. Boyack,643,Charles E. Meyers,805,
0,1,2,1,1,1,
1,0,1,1,0,1,
2,1,0,1,1,1,
1,1,1,0,0,1,
1,0,1,0,0,0,
1,1,1,1,0,0,
1,1
Barry G. Becker,80,
Barry G. Becker,80,
0,
7,7
Huw Dawkes,83,David Williams,137,Hua Su,160,Hus Su,206,Ravinder Bhogal,362,Lisa Tweedie,418,Bob Spence,683,
Huw Dawkes,83,David Williams,137,Hua Su,160,Hus Su,206,Ravinder Bhogal,362,Lisa Tweedie,418,Bob Spence,683,
0,0,2,1,0,3,3,
0,0,0,0,1,1,1,
2,0,0,0,0,2,2,
1,0,0,0,0,1,1,
0,1,0,0,0,1,1,
3,1,2,1,1,0,4,
3,1,2,1,1,4,0,
1,1
Vannevar Bush,85,
Vannevar Bush,85,
0,
2,2
Daniel P. Huttenlocher,86,Klara Kedem,361,
Daniel P. Huttenlocher,86,Klara Kedem,361,
0,1,
1,0,
6,6
Mary Baker,88,Pat Hanrahan,375,Diane Tang,508,Robert Bosch,684,Chris Stolte,871,Mendel Rosenblum,969,
Mary Baker,88,Pat Hanrahan,375,Diane Tang,508,Robert Bosch,684,Chris Stolte,871,Mendel Rosenblum,969,
0,0,1,0,0,0,
0,0,2,1,4,1,
1,2,0,0,2,0,
0,1,0,0,1,1,
0,4,2,1,0,1,
0,1,0,1,1,0,
9,9
H. A. Mueller,89,Margaret-Anne D. Storey,232,K. Wong,419,M. Sheelagh T. Carpendale,559,M. Sheelagh,571,T. Carpendale,913,Hausi A. Müller,982,F. David Fracchia,985,David J. Cowperthwaite,1035,
H. A. Mueller,89,Margaret-Anne D. Storey,232,K. Wong,419,M. Sheelagh T. Carpendale,559,M. Sheelagh,571,T. Carpendale,913,Hausi A. Müller,982,F. David Fracchia,985,David J. Cowperthwaite,1035,
0,1,1,0,0,0,0,1,0,
1,0,1,0,0,0,1,1,0,
1,1,0,0,0,0,0,1,0,
0,0,0,0,0,0,0,2,2,
0,0,0,0,0,1,0,1,1,
0,0,0,0,1,0,0,1,1,
0,1,0,0,0,0,0,0,0,
1,1,1,2,1,1,0,0,3,
0,0,0,2,1,1,0,3,0,
13,13
Alan M. MacEachren,91,Francis P. Boscoe,143,George Otto,265,Linda Pickle,290,Raymon Masters,380,Jack Gundrum,382,Isaac Brewer,469,Daniel Haug,470,Ryan Baxter,523,Sven Fuhrmann,849,Liujian Qian,851,Hadi Abdo,948,Robert Edsall,972,
Alan M. MacEachren,91,Francis P. Boscoe,143,George Otto,265,Linda Pickle,290,Raymon Masters,380,Jack Gundrum,382,Isaac Brewer,469,Daniel Haug,470,Ryan Baxter,523,Sven Fuhrmann,849,Liujian Qian,851,Hadi Abdo,948,Robert Edsall,972,
0,1,2,2,1,1,1,2,1,1,1,1,2,
1,0,0,1,0,0,0,1,0,0,0,0,0,
2,0,0,0,1,1,1,1,1,1,1,1,1,
2,1,0,0,0,0,0,1,0,0,0,0,1,
1,0,1,0,0,0,0,1,1,1,1,0,1,
1,0,1,0,0,0,1,0,0,0,0,1,0,
1,0,1,0,0,1,0,0,0,0,0,1,0,
2,1,1,1,1,0,0,0,1,1,1,0,1,
1,0,1,0,1,0,0,1,0,1,1,0,1,
1,0,1,0,1,0,0,1,1,0,1,0,1,
1,0,1,0,1,0,0,1,1,1,0,0,1,
1,0,1,0,0,1,1,0,0,0,0,0,0,
2,0,1,1,1,0,0,1,1,1,1,0,0,
3,3
Edward A. Stohr,92,Tomás Isakowitz,363,P. Balasubramanian,645,
Edward A. Stohr,92,Tomás Isakowitz,363,P. Balasubramanian,645,
0,1,1,
1,0,1,
1,1,0,
5,5
Clement T. Yu,95,Chuck Thier,174,Jon Zou,509,Naphtali Rishe,526,Y. Alp Aslandogan,807,
Clement T. Yu,95,Chuck Thier,174,Jon Zou,509,Naphtali Rishe,526,Y. Alp Aslandogan,807,
0,1,1,1,1,
1,0,1,1,1,
1,1,0,1,1,
1,1,1,0,1,
1,1,1,1,0,
6,6
Chris Buckley,99,A. Wong,372,Anton Leuski,568,Gerard Salton,930,C. S. Yang,933,James Allan,1036,
Chris Buckley,99,A. Wong,372,Anton Leuski,568,Gerard Salton,930,C. S. Yang,933,James Allan,1036,
0,0,0,1,0,1,
0,0,0,1,1,0,
0,0,0,0,0,1,
1,1,0,0,1,1,
0,1,0,1,0,0,
1,0,1,1,0,0,
3,3
Jonathan D. Beche,100,Dee Jay Randall,791,Pavel Berkhin,792,
Jonathan D. Beche,100,Dee Jay Randall,791,Pavel Berkhin,792,
0,1,1,
1,0,1,
1,1,0,
3,3
Piotr Indyk,101,Aristides Gionis,119,Rajeev Motwani,779,
Piotr Indyk,101,Aristides Gionis,119,Rajeev Motwani,779,
0,1,2,
1,0,1,
2,1,0,
1,1
Jules Bloomenthal,102,
Jules Bloomenthal,102,
0,
11,11
A. F. Hasler,104,David Beard,270,Alan Humm,329,David Banks,590,David C. Banks,595,M. Manyin,601,Anil Nair,634,Murugappan Palaniappan,637,J. Dodge,746,Yen-Ping Shan,787,Liqun Jin,1015,
A. F. Hasler,104,David Beard,270,Alan Humm,329,David Banks,590,David C. Banks,595,M. Manyin,601,Anil Nair,634,Murugappan Palaniappan,637,J. Dodge,746,Yen-Ping Shan,787,Liqun Jin,1015,
0,0,0,0,0,1,0,1,1,0,0,
0,0,1,1,0,0,1,1,0,1,0,
0,1,0,1,0,0,1,1,0,1,0,
0,1,1,0,0,0,1,1,0,1,1,
0,0,0,0,0,0,0,0,0,0,1,
1,0,0,0,0,0,0,1,1,0,0,
0,1,1,1,0,0,0,1,0,1,0,
1,1,1,1,0,1,1,0,1,1,0,
1,0,0,0,0,1,0,1,0,0,0,
0,1,1,1,0,0,1,1,0,0,0,
0,0,0,1,1,0,0,0,0,0,0,
9,9
K. Beyer,106,D. Donjerkovic,268,Miron Livny,276,S. Lawande,356,G. Chen,451,Tian Zhang,556,K. Wenger,756,J. Myllymaki,772,Raghu Ramakrishnan,864,
K. Beyer,106,D. Donjerkovic,268,Miron Livny,276,S. Lawande,356,G. Chen,451,Tian Zhang,556,K. Wenger,756,J. Myllymaki,772,Raghu Ramakrishnan,864,
0,1,1,1,1,0,1,1,1,
1,0,1,1,1,0,1,1,1,
1,1,0,1,1,1,1,1,2,
1,1,1,0,1,0,1,1,1,
1,1,1,1,0,0,1,1,1,
0,0,1,0,0,0,0,0,1,
1,1,1,1,1,0,0,1,1,
1,1,1,1,1,0,1,0,1,
1,1,2,1,1,1,1,1,0,
5,5
Thomas H. Cormen,107,Clifford Stein,194,Charles E. Leiserson,324,Ronald L. Rivest,342,N. Alper,800,
Thomas H. Cormen,107,Clifford Stein,194,Charles E. Leiserson,324,Ronald L. Rivest,342,N. Alper,800,
0,1,1,1,0,
1,0,1,1,1,
1,1,0,1,0,
1,1,1,0,0,
0,1,0,0,0,
2,2
Larry Dane Brimner,110,Childrens Press,510,
Larry Dane Brimner,110,Childrens Press,510,
0,1,
1,0,
2,2
David Cline,112,Parris K. Egbert,952,
David Cline,112,Parris K. Egbert,952,
0,1,
1,0,
5,5
R. Mitchell,114,Samuel Bayer,154,Lynette Hirschman,462,D. Day,808,Ira Smotroff,865,
R. Mitchell,114,Samuel Bayer,154,Lynette Hirschman,462,D. Day,808,Ira Smotroff,865,
0,0,1,1,0,
0,0,1,0,1,
1,1,0,1,1,
1,0,1,0,0,
0,1,1,0,0,
3,3
Ken-ichi Okada,115,Yutaka Matsushita,145,Hidekazu Shiozawa,352,
Ken-ichi Okada,115,Yutaka Matsushita,145,Hidekazu Shiozawa,352,
0,1,1,
1,0,1,
1,1,0,
8,8
Mike Craven,117,Gail Reynard,298,Mike Fraser,442,David Brailsford,662,Ian Taylor,764,Steve Benford,872,Boriana Koleva,944,Chris Greenhalgh,1049,
Mike Craven,117,Gail Reynard,298,Mike Fraser,442,David Brailsford,662,Ian Taylor,764,Steve Benford,872,Boriana Koleva,944,Chris Greenhalgh,1049,
0,1,1,1,1,1,1,1,
1,0,1,1,1,1,1,1,
1,1,0,1,1,1,1,1,
1,1,1,0,1,1,1,1,
1,1,1,1,0,1,1,1,
1,1,1,1,1,0,1,1,
1,1,1,1,1,1,0,1,
1,1,1,1,1,1,1,0,
2,2
Randall B. Smith,118,John H. Maloney,631,
Randall B. Smith,118,John H. Maloney,631,
0,1,
1,0,
6,6
Yoram Moses,121,Ayellet Tal,317,Leonid Ulitsky,444,David Dobkin,489,Zvi Polunsky,780,Maria Shneerson,1017,
Yoram Moses,121,Ayellet Tal,317,Leonid Ulitsky,444,David Dobkin,489,Zvi Polunsky,780,Maria Shneerson,1017,
0,1,1,0,1,0,
1,0,1,1,1,1,
1,1,0,0,1,0,
0,1,0,0,0,0,
1,1,1,0,0,0,
0,1,0,0,0,0,
1,1
Henry Lieberman,124,
Henry Lieberman,124,
0,
2,2
Kenneth P. Birman,125,Thomas A. Joseph,829,
Kenneth P. Birman,125,Thomas A. Joseph,829,
0,1,
1,0,
1,1
Marc Levoy,126,
Marc Levoy,126,
0,
1,1
Dan Gusfield,127,
Dan Gusfield,127,
0,
2,2
Gareth Smith,128,Emmanuel Frécon,835,
Gareth Smith,128,Emmanuel Frécon,835,
0,1,
1,0,
2,2
Masahiro Takatsuka,130,Mark Gahegan,957,
Masahiro Takatsuka,130,Mark Gahegan,957,
0,1,
1,0,
2,2
Kenneth Utting,134,Nicole Yankelovich,543,
Kenneth Utting,134,Nicole Yankelovich,543,
0,1,
1,0,
4,4
Ted Selker,135,Wendy S. Ark,269,Shumin Zhai,334,D. Christopher Dryer,902,
Ted Selker,135,Wendy S. Ark,269,Shumin Zhai,334,D. Christopher Dryer,902,
0,1,1,1,
1,0,1,1,
1,1,0,1,
1,1,1,0,
3,3
J. H. Conway,136,E. Bannai,811,N. J. A. Sloane,878,
J. H. Conway,136,E. Bannai,811,N. J. A. Sloane,878,
0,1,1,
1,0,1,
1,1,0,
6,6
Laxmi Parida,139,Gustova Stolovitzky,155,Dan Platt,167,Isidore Rigoutsos,182,Aris Floratos,409,Yuan Gao,520,
Laxmi Parida,139,Gustova Stolovitzky,155,Dan Platt,167,Isidore Rigoutsos,182,Aris Floratos,409,Yuan Gao,520,
0,1,1,2,2,2,
1,0,0,1,1,1,
1,0,0,1,1,1,
2,1,1,0,2,2,
2,1,1,2,0,2,
2,1,1,2,2,0,
5,5
Jeannine Pinto,140,Elliot Soloway,648,Stan Letovsky,810,Robin Lampert,877,David Littman,888,
Jeannine Pinto,140,Elliot Soloway,648,Stan Letovsky,810,Robin Lampert,877,David Littman,888,
0,1,1,1,1,
1,0,1,1,1,
1,1,0,1,1,
1,1,1,0,1,
1,1,1,1,0,
3,3
Jonathan Furner,141,Joemon M. Jose,190,David J. Harper,733,
Jonathan Furner,141,Joemon M. Jose,190,David J. Harper,733,
0,1,1,
1,0,1,
1,1,0,
8,8
Murali Venkatrao,147,Hamid Pirahesh,173,Andrew Layman,184,Surajit Chaudhuri,192,Frank Pellow,225,Don Reichart,412,Jim Gray,770,Adam Bosworth,919,
Murali Venkatrao,147,Hamid Pirahesh,173,Andrew Layman,184,Surajit Chaudhuri,192,Frank Pellow,225,Don Reichart,412,Jim Gray,770,Adam Bosworth,919,
0,1,1,1,1,1,1,1,
1,0,1,1,1,1,1,1,
1,1,0,1,1,1,1,1,
1,1,1,0,1,1,1,1,
1,1,1,1,0,1,1,1,
1,1,1,1,1,0,1,1,
1,1,1,1,1,1,0,1,
1,1,1,1,1,1,1,0,
6,6
L. Zhang,148,X. He,198,B. DasGupta,291,M. Li,778,J. Tromp,788,T. Jiang,1031,
L. Zhang,148,X. He,198,B. DasGupta,291,M. Li,778,J. Tromp,788,T. Jiang,1031,
0,1,1,1,1,1,
1,0,1,1,1,1,
1,1,0,1,1,1,
1,1,1,0,1,1,
1,1,1,1,0,1,
1,1,1,1,1,0,
4,4
Chris Hand,151,Jessie B. Kennedy,185,Martin Graham,305,John D. M. Edwards,732,
Chris Hand,151,Jessie B. Kennedy,185,Martin Graham,305,John D. M. Edwards,732,
0,1,1,1,
1,0,1,0,
1,1,0,0,
1,0,0,0,
3,3
T. A. DeFanti,152,B. H. McCormick,208,M. D. Brown,1013,
T. A. DeFanti,152,B. H. McCormick,208,M. D. Brown,1013,
0,1,1,
1,0,1,
1,1,0,
3,3
Aravindan Veerasamy,153,Nicholas J. Belkin,306,Scott Henninger,538,
Aravindan Veerasamy,153,Nicholas J. Belkin,306,Scott Henninger,538,
0,1,0,
1,0,1,
0,1,0,
4,4
Padhraic Smyth,156,Usama M. Fayyad,474,Gregory Piatetsky-Shapiro,813,Ramasamy Uthurusamy,862,
Padhraic Smyth,156,Usama M. Fayyad,474,Gregory Piatetsky-Shapiro,813,Ramasamy Uthurusamy,862,
0,1,1,1,
1,0,1,1,
1,1,0,1,
1,1,1,0,
9,9
Rolf Danielsson,157,Staffan Björk,271,Kristofer Franzén,282,Ivan Bretan,319,Lars Erik Holmquist,552,Johan Redström,883,Johan Redström,931,Jussi Karlgren,995,Staffan Björk,1040,
Rolf Danielsson,157,Staffan Björk,271,Kristofer Franzén,282,Ivan Bretan,319,Lars Erik Holmquist,552,Johan Redström,883,Johan Redström,931,Jussi Karlgren,995,Staffan Björk,1040,
0,1,1,1,1,0,1,1,0,
1,0,1,1,1,0,1,1,0,
1,1,0,1,1,0,1,1,0,
1,1,1,0,1,0,1,1,0,
1,1,1,1,0,1,1,1,1,
0,0,0,0,1,0,0,0,2,
1,1,1,1,1,0,0,1,0,
1,1,1,1,1,0,1,0,0,
0,0,0,0,1,2,0,0,0,
2,2
M. R. Ilgen,159,D. A. Rushall,201,
M. R. Ilgen,159,D. A. Rushall,201,
0,1,
1,0,
2,2
M. D. Apperley,161,Y. K. Leung,726,
M. D. Apperley,161,Y. K. Leung,726,
0,1,
1,0,
3,3
Michael Spenke,162,Thomas Berlage,199,Christian Beilken,574,
Michael Spenke,162,Thomas Berlage,199,Christian Beilken,574,
0,1,1,
1,0,1,
1,1,0,
4,4
M. L. Matthews,165,J. G. Hollands,244,T. T. Carey,288,C. A. McCann,295,
M. L. Matthews,165,J. G. Hollands,244,T. T. Carey,288,C. A. McCann,295,
0,1,1,1,
1,0,1,1,
1,1,0,1,
1,1,1,0,
3,3
Marc Weber,169,Wolfgang Müller,663,Marc Alexa,882,
Marc Weber,169,Wolfgang Müller,663,Marc Alexa,882,
0,1,1,
1,0,1,
1,1,0,
5,5
Allen D. Maloney,170,Vincent A. Guarna Jr.,247,Dennis Gannon,617,David Jablonowski,737,Yogesh Gaur,859,
Allen D. Maloney,170,Vincent A. Guarna Jr.,247,Dennis Gannon,617,David Jablonowski,737,Yogesh Gaur,859,
0,1,1,1,1,
1,0,1,1,1,
1,1,0,1,1,
1,1,1,0,1,
1,1,1,1,0,
3,3
M. Nitzberg,175,T. Shiota,716,D. Mumford,847,
M. Nitzberg,175,T. Shiota,716,D. Mumford,847,
0,1,1,
1,0,1,
1,1,0,
2,2
Indranil Chakravarty,177,Michael Potmesil,428,
Indranil Chakravarty,177,Michael Potmesil,428,
0,1,
1,0,
5,5
Wojciech Basalaj,178,Kenneth Wood,242,David Sinclair,401,Kerry Rodden,660,A. Blake,767,
Wojciech Basalaj,178,Kenneth Wood,242,David Sinclair,401,Kerry Rodden,660,A. Blake,767,
0,2,2,2,0,
2,0,2,2,0,
2,2,0,2,1,
2,2,2,0,0,
0,0,1,0,0,
7,7
James A. Wise,183,K. Pennock,193,V. Crow,323,J. J. Thomas,354,M. Pottier,391,A. Schur,458,D. Lantrip,494,
James A. Wise,183,K. Pennock,193,V. Crow,323,J. J. Thomas,354,M. Pottier,391,A. Schur,458,D. Lantrip,494,
0,1,1,1,1,1,1,
1,0,1,1,1,1,1,
1,1,0,1,1,1,1,
1,1,1,0,1,1,1,
1,1,1,1,0,1,1,
1,1,1,1,1,0,1,
1,1,1,1,1,1,0,
4,4
Guy Vaysseix,186,Eric Lecolinet,336,Emmanuel Barillot,381,Stuart Pook,975,
Guy Vaysseix,186,Eric Lecolinet,336,Emmanuel Barillot,381,Stuart Pook,975,
0,1,1,1,
1,0,1,1,
1,1,0,1,
1,1,1,0,
2,2
Peter Braun,187,Thomas Bemmerl,856,
Peter Braun,187,Thomas Bemmerl,856,
0,1,
1,0,
7,7
Alex Pang,189,Marc Hansen,407,Chang-Sung Jeong,420,Craig M. Wittenbrink,424,Doanna Meads,596,Robert E. Sheehan,621,Suresh K. Lodha,768,
Alex Pang,189,Marc Hansen,407,Chang-Sung Jeong,420,Craig M. Wittenbrink,424,Doanna Meads,596,Robert E. Sheehan,621,Suresh K. Lodha,768,
0,1,1,1,1,1,1,
1,0,0,0,1,0,0,
1,0,0,0,0,0,0,
1,0,0,0,0,1,1,
1,1,0,0,0,0,0,
1,0,0,1,0,0,1,
1,0,0,1,0,1,0,
1,1
Michael D. Byrne,191,
Michael D. Byrne,191,
0,
2,2
Trevor J. Davis,195,C. Peter Keller,394,
Trevor J. Davis,195,C. Peter Keller,394,
0,1,
1,0,
3,3
Ugur Dogrusöz,197,Brendan Madden,700,Patrick Madden,707,
Ugur Dogrusöz,197,Brendan Madden,700,Patrick Madden,707,
0,1,1,
1,0,1,
1,1,0,
1,1
David Maier,200,
David Maier,200,
0,
3,3
Andrew Witkin,202,David Baraff,315,Mikako Harada,332,
Andrew Witkin,202,David Baraff,315,Mikako Harada,332,
0,1,1,
1,0,1,
1,1,0,
1,1
Alexander S. Szalay,203,
Alexander S. Szalay,203,
0,
4,4
Deborah Silver,205,Frits H. Post,226,Theo Van Walsum,594,Frank J. Post,702,
Deborah Silver,205,Frits H. Post,226,Theo Van Walsum,594,Frank J. Post,702,
0,1,1,1,
1,0,1,1,
1,1,0,1,
1,1,1,0,
1,1
Xia Lin,207,
Xia Lin,207,
0,
6,6
D. B. Rex,210,T. B. Walters,652,S. T. Dowson,886,J. S. Risch,893,B. D. Moon,903,R. A. May,1032,
D. B. Rex,210,T. B. Walters,652,S. T. Dowson,886,J. S. Risch,893,B. D. Moon,903,R. A. May,1032,
0,1,1,1,1,1,
1,0,1,1,1,1,
1,1,0,1,1,1,
1,1,1,0,1,1,
1,1,1,1,0,1,
1,1,1,1,1,0,
3,3
Richard G. Palmer,211,Anders S. Krogh,531,John Hertz,641,
Richard G. Palmer,211,Anders S. Krogh,531,John Hertz,641,
0,1,1,
1,0,1,
1,1,0,
2,2
James S. Collofello,212,Scott N. Woodfield,633,
James S. Collofello,212,Scott N. Woodfield,633,
0,1,
1,0,
1,1
Yannis E. Ioannidis,213,
Yannis E. Ioannidis,213,
0,
2,2
Carsten Friedrich,214,Michael E. Houle,659,
Carsten Friedrich,214,Michael E. Houle,659,
0,1,
1,0,
5,5
Marc M. Sebrechts,217,Sharon J. Laskowski,379,Joanna Vasilakis,680,John V. Cugini,947,Michael S. Miller,1002,
Marc M. Sebrechts,217,Sharon J. Laskowski,379,Joanna Vasilakis,680,John V. Cugini,947,Michael S. Miller,1002,
0,1,1,1,1,
1,0,1,1,1,
1,1,0,1,1,
1,1,1,0,1,
1,1,1,1,0,
2,2
Jon Louis Bentley,218,Jerome H. Friedman,620,
Jon Louis Bentley,218,Jerome H. Friedman,620,
0,1,
1,0,
6,6
James Agutter,221,David Strayer,223,Noah Syroid,358,Julio Bermudez,429,Dwayne Westenskow,566,Frank Drews,869,
James Agutter,221,David Strayer,223,Noah Syroid,358,Julio Bermudez,429,Dwayne Westenskow,566,Frank Drews,869,
0,1,1,1,1,1,
1,0,1,1,1,1,
1,1,0,1,1,1,
1,1,1,0,1,1,
1,1,1,1,0,1,
1,1,1,1,1,0,
9,9
Dan Shapiro,222,Peter Ørbæk,292,Peter Krogh,426,Monika Büscher,468,Kaj Grønbæk,478,Monika Büscher,798,Michael Christensen,848,Peter Ørbæk,917,Preben Mogensen,1006,
Dan Shapiro,222,Peter Ørbæk,292,Peter Krogh,426,Monika Büscher,468,Kaj Grønbæk,478,Monika Büscher,798,Michael Christensen,848,Peter Ørbæk,917,Preben Mogensen,1006,
0,1,1,1,1,1,2,1,2,
1,0,1,1,1,0,1,0,1,
1,1,0,1,1,0,1,0,1,
1,1,1,0,1,0,1,0,1,
1,1,1,1,0,0,1,0,1,
1,0,0,0,0,0,1,1,1,
2,1,1,1,1,1,0,1,2,
1,0,0,0,0,1,1,0,1,
2,1,1,1,1,1,2,1,0,
6,6
Markus H. Gross,224,T. Strasser,259,J. Finger,493,Daniel Bielser,499,Rolf Koch,565,T. C. Sprenger,911,
Markus H. Gross,224,T. Strasser,259,J. Finger,493,Daniel Bielser,499,Rolf Koch,565,T. C. Sprenger,911,
0,1,1,1,1,2,
1,0,0,1,0,1,
1,0,0,0,0,1,
1,1,0,0,0,1,
1,0,0,0,0,0,
2,1,1,1,0,0,
4,4
Deborah R. Fowler,227,Johannes Battjes,333,Aristid Lindenmayer,411,Przemyslaw Prusinkiewicz,1038,
Deborah R. Fowler,227,Johannes Battjes,333,Aristid Lindenmayer,411,Przemyslaw Prusinkiewicz,1038,
0,1,0,1,
1,0,0,1,
0,0,0,1,
1,1,1,0,
1,1
Young-Min Song,230,
Young-Min Song,230,
0,
8,8
Gordon Kurtenbach,231,Maureen C. Stone,234,William Buxton,438,Eric A. Bier,555,Thomas Baudel,626,Tony D. DeRose,728,Ken Fishkin,748,Ken Pier,1052,
Gordon Kurtenbach,231,Maureen C. Stone,234,William Buxton,438,Eric A. Bier,555,Thomas Baudel,626,Tony D. DeRose,728,Ken Fishkin,748,Ken Pier,1052,
0,0,1,0,0,0,0,0,
0,0,2,3,1,1,3,1,
1,2,0,2,1,1,1,1,
0,3,2,0,1,1,2,1,
0,1,1,1,0,0,1,0,
0,1,1,1,0,0,0,1,
0,3,1,2,1,0,0,0,
0,1,1,1,0,1,0,0,
2,2
David C. M. Wood,237,Michael F. Schwartz,801,
David C. M. Wood,237,Michael F. Schwartz,801,
0,1,
1,0,
2,2
Marylyn E. McGill,243,William C. Cleveland,669,
Marylyn E. McGill,243,William C. Cleveland,669,
0,1,
1,0,
2,2
Anton Eliëns,245,Bastiaan Schönhage,679,
Anton Eliëns,245,Bastiaan Schönhage,679,
0,1,
1,0,
1,1
Lee Westover,246,
Lee Westover,246,
0,
2,2
John Paul Shen,249,Trung A. Diep,885,
John Paul Shen,249,Trung A. Diep,885,
0,1,
1,0,
2,2
Bernd Lintermann,252,Oliver Deussen,318,
Bernd Lintermann,252,Oliver Deussen,318,
0,1,
1,0,
3,3
Marc-Antoine Parent,254,Louis C. Vroomen,450,Luc Beaudoin,832,
Marc-Antoine Parent,254,Louis C. Vroomen,450,Luc Beaudoin,832,
0,1,1,
1,0,1,
1,1,0,
2,2
Thomas J. Overbye,255,Jamie D. Weber,842,
Thomas J. Overbye,255,Jamie D. Weber,842,
0,1,
1,0,
2,2
Frank M. Shipman III,257,Catherine C. Marshall,461,
Frank M. Shipman III,257,Catherine C. Marshall,461,
0,1,
1,0,
2,2
Luc Devroye,258,Paul Kruszewski,580,
Luc Devroye,258,Paul Kruszewski,580,
0,1,
1,0,
8,8
Robert Kosara,260,Reinhard Sainitzer,302,Florian Ledermann,347,Helwig Hauser,369,Helmut Doleisch,554,Kreimir Matkovic,766,M. Eduard Gröller,824,Silvia Miksch,894,
Robert Kosara,260,Reinhard Sainitzer,302,Florian Ledermann,347,Helwig Hauser,369,Helmut Doleisch,554,Kreimir Matkovic,766,M. Eduard Gröller,824,Silvia Miksch,894,
0,0,0,1,0,0,0,1,
0,0,0,1,0,1,1,0,
0,0,0,1,1,0,0,0,
1,1,1,0,1,1,1,1,
0,0,1,1,0,0,0,0,
0,1,0,1,0,0,1,0,
0,1,0,1,0,1,0,0,
1,0,0,1,0,0,0,0,
4,4
Christer Carlsson,262,Charles Grant Brown,368,Lennart E. Fahlén,586,Olov Ståhl,625,
Christer Carlsson,262,Charles Grant Brown,368,Lennart E. Fahlén,586,Olov Ståhl,625,
0,1,1,1,
1,0,1,1,
1,1,0,1,
1,1,1,0,
2,2
Allen Van Gelder,264,Jane Wilhelms,936,
Allen Van Gelder,264,Jane Wilhelms,936,
0,1,
1,0,
1,1
Robert R. Korfhage,267,
Robert R. Korfhage,267,
0,
2,2
Tom Meyer,280,Kenneth P. Herndon,365,
Tom Meyer,280,Kenneth P. Herndon,365,
0,1,
1,0,
3,3
Loren Carpenter,281,Thomas Porter,582,Robert L. Cook,906,
Loren Carpenter,281,Thomas Porter,582,Robert L. Cook,906,
0,1,1,
1,0,1,
1,1,0,
2,2
Bill Gates,286,Michael L. Dertouzos,471,
Bill Gates,286,Michael L. Dertouzos,471,
0,1,
1,0,
4,4
T. Mihalisin,296,J. Schwegler,460,E. Gawlinski,578,J. Timlin,657,
T. Mihalisin,296,J. Schwegler,460,E. Gawlinski,578,J. Timlin,657,
0,1,1,1,
1,0,1,1,
1,1,0,1,
1,1,1,0,
2,2
Anne Brueggemann-Klein,297,Derick Wood,686,
Anne Brueggemann-Klein,297,Derick Wood,686,
0,1,
1,0,
2,2
Woodie C. Flowers,299,Julie Yang-Peláez,485,
Woodie C. Flowers,299,Julie Yang-Peláez,485,
0,1,
1,0,
2,2
A. Kaufman,301,A. Varshney,476,
A. Kaufman,301,A. Varshney,476,
0,1,
1,0,
1,1
Daniel G. Aliaga,303,
Daniel G. Aliaga,303,
0,
5,5
Ivan Herman,307,Guy Melancon,635,M. Scott Marshall,826,M. Delest,943,Guy Melançon,997,
Ivan Herman,307,Guy Melancon,635,M. Scott Marshall,826,M. Delest,943,Guy Melançon,997,
0,1,2,1,2,
1,0,0,1,0,
2,0,0,0,2,
1,1,0,0,0,
2,0,2,0,0,
3,3
Keith Andrews,310,P. Wolf,743,M. Pichler,899,
Keith Andrews,310,P. Wolf,743,M. Pichler,899,
0,1,1,
1,0,1,
1,1,0,
3,3
Hank Hoek,311,Ying Li,335,Teresa Mah,575,
Hank Hoek,311,Ying Li,335,Teresa Mah,575,
0,1,1,
1,0,1,
1,1,0,
4,4
Ulrik Brandes,313,Steven R. Corman,454,Dorothea Wagner,502,Patrick Kenis,980,
Ulrik Brandes,313,Steven R. Corman,454,Dorothea Wagner,502,Patrick Kenis,980,
0,1,2,1,
1,0,0,0,
2,0,0,1,
1,0,1,0,
1,1
Emanuel G. Noik,316,
Emanuel G. Noik,316,
0,
4,4
V. Anupam,321,S. Dar,676,T. Leibfried,946,E. Petajan,1046,
V. Anupam,321,S. Dar,676,T. Leibfried,946,E. Petajan,1046,
0,1,1,1,
1,0,1,1,
1,1,0,1,
1,1,1,0,
4,4
Gerald L. Lohse,325,Neff Walker,416,Henry H. Rueter,529,Kevin Biolsi,706,
Gerald L. Lohse,325,Neff Walker,416,Henry H. Rueter,529,Kevin Biolsi,706,
0,1,1,1,
1,0,1,1,
1,1,0,1,
1,1,1,0,
2,2
Todd Barlow,326,Padraic Neville,923,
Todd Barlow,326,Padraic Neville,923,
0,2,
2,0,
2,2
S. Utter,327,C. M. Pancake,483,
S. Utter,327,C. M. Pancake,483,
0,1,
1,0,
3,3
E. A. Sonenberg,344,L. J. Johnston,769,C. A. Burton,916,
E. A. Sonenberg,344,L. J. Johnston,769,C. A. Burton,916,
0,1,1,
1,0,1,
1,1,0,
1,1
Herbert A. Simon,346,
Herbert A. Simon,346,
0,
3,3
Frans J. M. van der Wel,349,Ben G. H. Gorte,841,Linda C. van der Gaag,900,
Frans J. M. van der Wel,349,Ben G. H. Gorte,841,Linda C. van der Gaag,900,
0,1,1,
1,0,1,
1,1,0,
4,4
Konrad Slind,350,Jeffrey Joyce,466,Brian Unger,704,Greg Lomow,875,
Konrad Slind,350,Jeffrey Joyce,466,Brian Unger,704,Greg Lomow,875,
0,1,1,1,
1,0,1,1,
1,1,0,1,
1,1,1,0,
2,2
Miguel Santana,355,Jean-Yves Vion-Dury,1021,
Miguel Santana,355,Jean-Yves Vion-Dury,1021,
0,1,
1,0,
1,1
Cleotilde Gonzalez,367,
Cleotilde Gonzalez,367,
0,
4,4
R. J. Hendley,373,A. M. Wood,376,N. S. Drew,665,R. Beale,774,
R. J. Hendley,373,A. M. Wood,376,N. S. Drew,665,R. Beale,774,
0,1,1,1,
1,0,1,1,
1,1,0,1,
1,1,1,0,
3,3
Thomas Kamps,374,Klaus Reichenberger,616,Gene Golovchinsky,901,
Thomas Kamps,374,Klaus Reichenberger,616,Gene Golovchinsky,901,
0,3,2,
3,0,2,
2,2,0,
9,9
Albert Ho,377,Lyn Bartram,455,Doug Schaffer,457,Mark Roseman,537,Saul Greenberg,754,Zhengping Zuo,762,Shelli Dubs,806,John Dill,845,Frank Henigman,958,
Albert Ho,377,Lyn Bartram,455,Doug Schaffer,457,Mark Roseman,537,Saul Greenberg,754,Zhengping Zuo,762,Shelli Dubs,806,John Dill,845,Frank Henigman,958,
0,1,0,0,0,0,0,1,1,
1,0,1,1,1,1,1,2,1,
0,1,0,1,1,1,1,1,0,
0,1,1,0,1,1,1,1,0,
0,1,1,1,0,1,1,1,0,
0,1,1,1,1,0,1,1,0,
0,1,1,1,1,1,0,1,0,
1,2,1,1,1,1,1,0,1,
1,1,0,0,0,0,0,1,0,
5,5
Douglas J. Cork,378,Thom Grace,512,James Robergé,581,Dachywan Wu,821,Bao Gia Nguyen,855,
Douglas J. Cork,378,Thom Grace,512,James Robergé,581,Dachywan Wu,821,Bao Gia Nguyen,855,
0,1,1,1,1,
1,0,1,1,1,
1,1,0,1,1,
1,1,1,0,1,
1,1,1,1,0,
2,2
Bruce McKenzie,384,Andy Cockburn,389,
Bruce McKenzie,384,Andy Cockburn,389,
0,1,
1,0,
1,1
Anselm Spoerri,386,
Anselm Spoerri,386,
0,
3,3
Joe Marks,393,Stuart Shieber,650,Jon Christensen,926,
Joe Marks,393,Stuart Shieber,650,Jon Christensen,926,
0,1,1,
1,0,1,
1,1,0,
2,2
Ryszard S. Michalski,398,Janusz Wnek,789,
Ryszard S. Michalski,398,Janusz Wnek,789,
0,1,
1,0,
2,2
Sharon R. Garber,399,Mitch B. Grunes,816,
Sharon R. Garber,399,Mitch B. Grunes,816,
0,1,
1,0,
3,3
Alexander Willett,400,Clemens Kunkel,515,Matthias Hemmje,979,
Alexander Willett,400,Clemens Kunkel,515,Matthias Hemmje,979,
0,1,1,
1,0,1,
1,1,0,
2,2
R. Kazman,402,J. Carriere,497,
R. Kazman,402,J. Carriere,497,
0,2,
2,0,
2,2
Henry C. Lucas Jr.,403,Raymond E. Barber,942,
Henry C. Lucas Jr.,403,Raymond E. Barber,942,
0,1,
1,0,
4,4
Saul A. Teukolsky,413,William H. Press,675,Brian P. Flannery,860,William T. Vetterling,1009,
Saul A. Teukolsky,413,William H. Press,675,Brian P. Flannery,860,William T. Vetterling,1009,
0,1,1,1,
1,0,1,1,
1,1,0,1,
1,1,1,0,
1,1
Francesmary Modugno,421,
Francesmary Modugno,421,
0,
3,3
A. Teyseyre,425,R. Orosco,661,M. Campo,1008,
A. Teyseyre,425,R. Orosco,661,M. Campo,1008,
0,1,1,
1,0,1,
1,1,0,
1,1
Edward Tufte,430,
Edward Tufte,430,
0,
1,1
Tomihisa Kamada,431,
Tomihisa Kamada,431,
0,
1,1
Gerald M. Karam,432,
Gerald M. Karam,432,
0,
2,2
Eric A. Wernert,434,Andrew J. Hanson,735,
Eric A. Wernert,434,Andrew J. Hanson,735,
0,1,
1,0,
2,2
George Edward Pelham Box,435,Gwilym Jenkins,630,
George Edward Pelham Box,435,Gwilym Jenkins,630,
0,1,
1,0,
1,1
John K. Ousterhout,436,
John K. Ousterhout,436,
0,
3,3
Henry Fuchs,439,Stephen Pizer,443,Victoria Interrante,891,
Henry Fuchs,439,Stephen Pizer,443,Victoria Interrante,891,
0,1,1,
1,0,1,
1,1,0,
1,1
James Wen,453,
James Wen,453,
0,
1,1
Stuart J. Rose,456,
Stuart J. Rose,456,
0,
4,4
John Michalak,459,Andreas Buja,591,Werner Stuetzle,795,John Alan McDonald,937,
John Michalak,459,Andreas Buja,591,Werner Stuetzle,795,John Alan McDonald,937,
0,1,1,1,
1,0,2,2,
1,2,0,2,
1,2,2,0,
2,2
Lawrence J. Rosenblum,472,Bruce E. Brown,695,
Lawrence J. Rosenblum,472,Bruce E. Brown,695,
0,1,
1,0,
1,1
J. Bertin,473,
J. Bertin,473,
0,
6,6
Georges Grinstein,475,J. P. Lee,576,Eugene Stanley,752,Patrick Hoffman,896,Kenneth Marx,934,Ivo Grosse,973,
Georges Grinstein,475,J. P. Lee,576,Eugene Stanley,752,Patrick Hoffman,896,Kenneth Marx,934,Ivo Grosse,973,
0,1,1,1,1,1,
1,0,0,0,0,0,
1,0,0,1,1,1,
1,0,1,0,1,1,
1,0,1,1,0,1,
1,0,1,1,1,0,
2,2
Nina Amenta,477,Jeff Klingner,667,
Nina Amenta,477,Jeff Klingner,667,
0,1,
1,0,
1,1
J. Q. Walker II,479,
J. Q. Walker II,479,
0,
3,3
Bernard Dimsdale,481,Alfred Inselberg,655,Tova Avidan,777,
Bernard Dimsdale,481,Alfred Inselberg,655,Tova Avidan,777,
0,1,0,
1,0,1,
0,1,0,
3,3
David Notkin,486,Mary L. Bailey,504,David Socha,955,
David Notkin,486,Mary L. Bailey,504,David Socha,955,
0,1,1,
1,0,1,
1,1,0,
2,2
D. A. Carr,491,U. Wiss,840,
D. A. Carr,491,U. Wiss,840,
0,1,
1,0,
2,2
Leslie Lamport,492,K. Mani Chandy,953,
Leslie Lamport,492,K. Mani Chandy,953,
0,1,
1,0,
3,3
Kenneth M. Martin,501,William E. Lorensen,771,Will Schroeder,814,
Kenneth M. Martin,501,William E. Lorensen,771,Will Schroeder,814,
0,2,2,
2,0,2,
2,2,0,
1,1
Franz-Josef Brandenburg,505,
Franz-Josef Brandenburg,505,
0,
3,3
Charles R. Dyer,517,William L. Hibbard,690,Brian E. Paul,915,
Charles R. Dyer,517,William L. Hibbard,690,Brian E. Paul,915,
0,1,1,
1,0,1,
1,1,0,
4,4
D. J. Spiegelhalter,519,C. C. Taylor,550,Donald Michie,577,John Campbell,959,
D. J. Spiegelhalter,519,C. C. Taylor,550,Donald Michie,577,John Campbell,959,
0,1,1,1,
1,0,1,1,
1,1,0,1,
1,1,1,0,
2,2
Arne Frick,527,Reinhard Sablowski,991,
Arne Frick,527,Reinhard Sablowski,991,
0,1,
1,0,
2,2
Elliot J. Chikofsky,533,James H. Cross II,603,
Elliot J. Chikofsky,533,James H. Cross II,603,
0,1,
1,0,
1,1
Fred Petry,545,
Fred Petry,545,
2,
1,1
Robert J. K. Jacob,551,
Robert J. K. Jacob,551,
0,
1,1
Robert L. Harris,562,
Robert L. Harris,562,
0,
3,3
Jeffrey D. Ullman,569,Venky Harinarayan,794,Anand Rajaraman,928,
Jeffrey D. Ullman,569,Venky Harinarayan,794,Anand Rajaraman,928,
0,1,1,
1,0,1,
1,1,0,
1,1
Richard Chimera,583,
Richard Chimera,583,
0,
1,1
James H. Clark,584,
James H. Clark,584,
0,
2,2
Judy Kay,587,Richard C. Thomas,600,
Judy Kay,587,Richard C. Thomas,600,
0,1,
1,0,
1,1
Ron Kohavi,592,
Ron Kohavi,592,
0,
2,2
Steve Lawrence,598,C. Lee Giles,1011,
Steve Lawrence,598,C. Lee Giles,1011,
0,1,
1,0,
1,1
Teuvo Kohonen,599,
Teuvo Kohonen,599,
0,
2,2
P. Luders,607,R. Ernst,705,
P. Luders,607,R. Ernst,705,
0,1,
1,0,
1,1
André Skupin,610,
André Skupin,610,
0,
2,2
Michael J. Flynn,614,James E. Bennett,790,
Michael J. Flynn,614,James E. Bennett,790,
0,1,
1,0,
3,3
Eduard Hovy,615,Mira Vossers,867,Yigal Arens,990,
Eduard Hovy,615,Mira Vossers,867,Yigal Arens,990,
0,1,1,
1,0,1,
1,1,0,
2,2
Lothar Rostek,619,Wiebke Möhr,956,
Lothar Rostek,619,Wiebke Möhr,956,
0,1,
1,0,
2,2
Raimund Dachselt,622,Jürgen Ebert,701,
Raimund Dachselt,622,Jürgen Ebert,701,
0,1,
1,0,
2,2
Andrej Cedilnik,623,Penny Rheingans,682,
Andrej Cedilnik,623,Penny Rheingans,682,
0,1,
1,0,
3,3
Joachim M. Buhmann,636,Jan Puzicha,827,Thomas Hofmann,935,
Joachim M. Buhmann,636,Jan Puzicha,827,Thomas Hofmann,935,
0,1,1,
1,0,1,
1,1,0,
1,1
Stephen M. Casner,647,
Stephen M. Casner,647,
0,
2,2
H. A. Sowizral,664,I. G. Angus,1044,
H. A. Sowizral,664,I. G. Angus,1044,
0,1,
1,0,
1,1
Jürgen Branke,668,
Jürgen Branke,668,
0,
1,1
Justin Zobel,670,
Justin Zobel,670,
0,
2,2
Ewa Callahan,671,Jürgen Koenemann,1007,
Ewa Callahan,671,Jürgen Koenemann,1007,
0,1,
1,0,
1,1
James K. Rayson,672,
James K. Rayson,672,
0,
1,1
W. Wright,674,
W. Wright,674,
0,
2,2
Wei-Ying Ma,685,B. S. Manjunath,747,
Wei-Ying Ma,685,B. S. Manjunath,747,
0,1,
1,0,
2,2
Pearl Pu,689,Denis Lalanne,731,
Pearl Pu,689,Denis Lalanne,731,
0,1,
1,0,
2,2
Mark Phillips,698,Charlie Gunn,960,
Mark Phillips,698,Charlie Gunn,960,
0,1,
1,0,
1,1
Michael Good,709,
Michael Good,709,
0,
2,2
Donald H. House,710,Christopher J. Kocmoud,989,
Donald H. House,710,Christopher J. Kocmoud,989,
0,1,
1,0,
2,2
Marc Abrams,712,Randy L. Ribler,839,
Marc Abrams,712,Randy L. Ribler,839,
0,1,
1,0,
1,1
FrankG. Halasz,713,
FrankG. Halasz,713,
0,
3,3
Adam Finkelstein,714,David H. Salesin,889,Charles E. Jacobs,895,
Adam Finkelstein,714,David H. Salesin,889,Charles E. Jacobs,895,
0,1,1,
1,0,1,
1,1,0,
2,2
Michel Beaudouin-Lafon,719,Wendy E. Mackay,1050,
Michel Beaudouin-Lafon,719,Wendy E. Mackay,1050,
0,1,
1,0,
1,1
John A. Hartigan,734,
John A. Hartigan,734,
0,
2,2
Ken Perlin,736,David Fox,890,
Ken Perlin,736,David Fox,890,
0,1,
1,0,
4,4
Mats Lind,749,Camilla Forsell,758,Monica Tavanti,799,Geoffrey P. Bingham,949,
Mats Lind,749,Camilla Forsell,758,Monica Tavanti,799,Geoffrey P. Bingham,949,
0,1,1,1,
1,0,0,1,
1,0,0,0,
1,1,0,0,
3,3
Divesh Srivastava,751,Peter G. Selfridge,954,Lynn O. Wilson,1030,
Divesh Srivastava,751,Peter G. Selfridge,954,Lynn O. Wilson,1030,
0,1,1,
1,0,1,
1,1,0,
1,1
Robin L. Kullberg,765,
Robin L. Kullberg,765,
0,
1,1
Todd Veldhuizen,782,
Todd Veldhuizen,782,
0,
2,2
Martin Juvan,804,Bojan Mohar,815,
Martin Juvan,804,Bojan Mohar,815,
0,1,
1,0,
1,1
Tom Dietterich,817,
Tom Dietterich,817,
0,
2,2
Philippe Flajolet,818,G. Nigel Martin,964,
Philippe Flajolet,818,G. Nigel Martin,964,
0,1,
1,0,
2,2
David A. Patterson,823,John L. Hennessy,850,
David A. Patterson,823,John L. Hennessy,850,
0,1,
1,0,
1,1
Alfred Kobsa,833,
Alfred Kobsa,833,
0,
1,1
Jonathan D. Cohen,834,
Jonathan D. Cohen,834,
0,
1,1
Paul E. Haeberli,837,
Paul E. Haeberli,837,
0,
1,1
Earl Rennison,868,
Earl Rennison,868,
0,
1,1
F. J. Newbery,870,
F. J. Newbery,870,
0,
1,1
Jeffrey Scott Vitter,879,
Jeffrey Scott Vitter,879,
0,
1,1
Donald Ervin Knuth,892,
Donald Ervin Knuth,892,
2,
1,1
Alex P. Pentland,898,
Alex P. Pentland,898,
0,
1,1
T. M. Rhyne,910,
T. M. Rhyne,910,
0,
1,1
Sven Moen,912,
Sven Moen,912,
0,
1,1
Mikael Jern,924,
Mikael Jern,924,
0,
1,1
James F. Blinn,932,
James F. Blinn,932,
0,
1,1
Paolo Sabella,939,
Paolo Sabella,939,
0,
1,1
Joseph M. Ballay,963,
Joseph M. Ballay,963,
0,
1,1
Kenneth C. Yeager,967,
Kenneth C. Yeager,967,
0,
1,1
Alan Keahey,994,
Alan Keahey,994,
0,
1,1
Kurt W. Piersol,998,
Kurt W. Piersol,998,
0,
1,1
Erik Thomsen,1000,
Erik Thomsen,1000,
0,
3,3
A. Bookstein,1014,S. T. Klein,1024,T. Raita,1048,
A. Bookstein,1014,S. T. Klein,1024,T. Raita,1048,
0,1,1,
1,0,1,
1,1,0,
1,1
Chris Walshaw,1016,
Chris Walshaw,1016,
0,
1,1
Jeff Beddow,1022,
Jeff Beddow,1022,
0,
1,1
Stephen A Herrod,1028,
Stephen A Herrod,1028,
0,
1,1
J. Ross Quinlan,1039,
J. Ross Quinlan,1039,
0,
